id,preview_url,genre,danceability,energy,key,loudness,mode,speechiness,acousticness,instrumentalness,liveness,valence,tempo,analysis_url,duration_ms
1ACZpHI5vZ5Ea4xGlkdGWM,https://p.scdn.co/mp3-preview/37a0f8fab192981f6087cca704e8cdd209a97b01?cid=7596a347c632409f9829d4c3cb9fa3c7,comedy,0.927,0.367,9,-7.797,1,0.382,0.325,0.0,0.132,0.576,99.053,https://api.spotify.com/v1/audio-analysis/1ACZpHI5vZ5Ea4xGlkdGWM,328667
10Igtw8bSDyyFs7KIsKngZ,https://p.scdn.co/mp3-preview/0dcfb40f74f45bc7b5c852048c9141719dcc55e0?cid=7596a347c632409f9829d4c3cb9fa3c7,comedy,0.755,0.599,8,-5.042,1,0.224,0.147,0.0,0.109,0.755,133.123,https://api.spotify.com/v1/audio-analysis/10Igtw8bSDyyFs7KIsKngZ,216632
7MkysLvt3L8UFji2PceoFU,https://p.scdn.co/mp3-preview/db278381ada6190b1e2db643b0616585b8ef9908?cid=7596a347c632409f9829d4c3cb9fa3c7,comedy,0.829,0.514,7,-6.694,1,0.037,0.203,0.000157,0.115,0.397,114.955,https://api.spotify.com/v1/audio-analysis/7MkysLvt3L8UFji2PceoFU,244340
0rRboI6IRuGx56Dq3UdYY4,https://p.scdn.co/mp3-preview/55779fb70366a2cf64a2c76e9acc4745aa090f09?cid=7596a347c632409f9829d4c3cb9fa3c7,comedy,0.802,0.341,7,-8.56,1,0.488,0.169,0.0,0.0783,0.849,166.01,https://api.spotify.com/v1/audio-analysis/0rRboI6IRuGx56Dq3UdYY4,197760
1TkWsnheqK0gBtvh07BtNX,https://p.scdn.co/mp3-preview/9d826ded19aeb43054ac4226e005c3c0302a481b?cid=7596a347c632409f9829d4c3cb9fa3c7,comedy,0.858,0.697,2,-5.361,1,0.23,0.114,0.0,0.224,0.364,98.013,https://api.spotify.com/v1/audio-analysis/1TkWsnheqK0gBtvh07BtNX,290836
0Dfctnkk9xIikDKJ06uwzo,https://p.scdn.co/mp3-preview/77f522c12c584d7497d8e97b694ceb146729fad2?cid=7596a347c632409f9829d4c3cb9fa3c7,comedy,0.828,0.577,6,-7.656,0,0.158,0.599,0.0,0.0814,0.587,86.339,https://api.spotify.com/v1/audio-analysis/0Dfctnkk9xIikDKJ06uwzo,163493
2hhFpD32iXUd4GaCu6T4wn,https://p.scdn.co/mp3-preview/345b8cef9dcd00df6b298f6a7d9d38b70bb7e6cf?cid=7596a347c632409f9829d4c3cb9fa3c7,comedy,0.823,0.731,3,-4.273,1,0.307,0.42,0.0,0.306,0.876,90.302,https://api.spotify.com/v1/audio-analysis/2hhFpD32iXUd4GaCu6T4wn,195693
5TlAXiBCBwiQnIZUAA4Jkg,https://p.scdn.co/mp3-preview/711dd50cb02e2c5b2a0e755c0a509e368a02f120?cid=7596a347c632409f9829d4c3cb9fa3c7,comedy,0.684,0.621,11,-8.442,0,0.362,0.432,0.0,0.607,0.537,128.882,https://api.spotify.com/v1/audio-analysis/5TlAXiBCBwiQnIZUAA4Jkg,353960
2S1LebN6AXXQqJolBxlWgO,https://p.scdn.co/mp3-preview/444f3887c3d45d1e7763f3e765b4a7813d2e8ae2?cid=7596a347c632409f9829d4c3cb9fa3c7,comedy,0.694,0.664,2,-4.649,1,0.05,0.639,0.0,0.0929,0.676,95.941,https://api.spotify.com/v1/audio-analysis/2S1LebN6AXXQqJolBxlWgO,281500
5r96TaQquRrlo3Ym3ZlSL2,https://p.scdn.co/mp3-preview/4534eb25423d1d104a0814ed29b504f641813038?cid=7596a347c632409f9829d4c3cb9fa3c7,comedy,0.728,0.448,8,-10.54,1,0.172,0.103,0.0,0.267,0.483,80.902,https://api.spotify.com/v1/audio-analysis/5r96TaQquRrlo3Ym3ZlSL2,202920
5PEleSkK4p4E1sx3x7cOLt,https://p.scdn.co/mp3-preview/e115c5324f4e7854d612caf4c00aa3c4c74e1b50?cid=7596a347c632409f9829d4c3cb9fa3c7,comedy,0.615,0.811,6,-4.316,1,0.144,0.0188,0.0,0.196,0.808,167.995,https://api.spotify.com/v1/audio-analysis/5PEleSkK4p4E1sx3x7cOLt,166560
3IQSYqnKsCTMLWn2xE3HFT,https://p.scdn.co/mp3-preview/42f46e33b2847892b6a0aff29da65aaf6227e8bc?cid=7596a347c632409f9829d4c3cb9fa3c7,comedy,0.623,0.871,0,-2.403,1,0.239,0.0465,0.0,0.111,0.653,150.079,https://api.spotify.com/v1/audio-analysis/3IQSYqnKsCTMLWn2xE3HFT,156267
46nJ8ZPiUX4TuvCey0Wcz1,https://p.scdn.co/mp3-preview/1f26a11e9e354ecf8a80725c76f5257d7d4c1334?cid=7596a347c632409f9829d4c3cb9fa3c7,comedy,0.8,0.656,5,-5.874,0,0.114,0.0143,0.0,0.354,0.437,119.921,https://api.spotify.com/v1/audio-analysis/46nJ8ZPiUX4TuvCey0Wcz1,285894
6doSV1UQjyKxiNCnBnDTeG,https://p.scdn.co/mp3-preview/3585b7c50fec1b755cbad9f57ff5af5f1cdc7cf6?cid=7596a347c632409f9829d4c3cb9fa3c7,comedy,0.356,0.503,9,-8.937,1,0.0734,0.766,2.51e-06,0.871,0.331,88.816,https://api.spotify.com/v1/audio-analysis/6doSV1UQjyKxiNCnBnDTeG,223947
2ov4LhWJZ2J7zGnHQqoWvZ,https://p.scdn.co/mp3-preview/0603df16ac015553c99657f48c9bfc3b1c83528c?cid=7596a347c632409f9829d4c3cb9fa3c7,comedy,0.62,0.506,2,-12.894,0,0.155,0.641,0.0,0.508,0.632,98.582,https://api.spotify.com/v1/audio-analysis/2ov4LhWJZ2J7zGnHQqoWvZ,146773
7lFgli7y2vo7sjgynHZzBP,https://p.scdn.co/mp3-preview/a2e72291a149103c799172d935b912cc45adbdc4?cid=7596a347c632409f9829d4c3cb9fa3c7,comedy,0.501,0.796,0,-4.599,1,0.104,0.107,0.000974,0.539,0.582,130.719,https://api.spotify.com/v1/audio-analysis/7lFgli7y2vo7sjgynHZzBP,254347
3ji3RdsWWyuuZyehLmYj0b,https://p.scdn.co/mp3-preview/f7d10b5472f325146f39fa9b6b768ff02b43bff9?cid=7596a347c632409f9829d4c3cb9fa3c7,comedy,0.919,0.362,8,-8.331,1,0.368,0.576,0.0,0.134,0.416,104.987,https://api.spotify.com/v1/audio-analysis/3ji3RdsWWyuuZyehLmYj0b,645876
2KNt0BWMJwB8uEqus75mRB,https://p.scdn.co/mp3-preview/1992e4ae4c18d4da0e4f5d61d9f4e9b0be527651?cid=7596a347c632409f9829d4c3cb9fa3c7,comedy,0.428,0.517,7,-8.068,0,0.0862,0.935,2.68e-05,0.187,0.504,105.435,https://api.spotify.com/v1/audio-analysis/2KNt0BWMJwB8uEqus75mRB,151533
1KRdD8IpxMXGB2883OVP2Q,https://p.scdn.co/mp3-preview/9accc585032ac0b21c3462e3d93df550f14b9b6c?cid=7596a347c632409f9829d4c3cb9fa3c7,comedy,0.738,0.531,6,-7.35,1,0.14,0.907,1.07e-05,0.311,0.919,170.007,https://api.spotify.com/v1/audio-analysis/1KRdD8IpxMXGB2883OVP2Q,58507
4roDTLs05yU9RpSBqwfKQ3,https://p.scdn.co/mp3-preview/fbe9f541fd25ce8eb0172913e3c034e8fead2800?cid=7596a347c632409f9829d4c3cb9fa3c7,comedy,0.906,0.888,2,-7.275,1,0.152,0.182,0.0,0.934,0.756,105.991,https://api.spotify.com/v1/audio-analysis/4roDTLs05yU9RpSBqwfKQ3,262985
3MQmQowCMVhepBDEsuBXIm,https://p.scdn.co/mp3-preview/0fc0b05d9526ebdea5270ab4e9ee7dc307496421?cid=7596a347c632409f9829d4c3cb9fa3c7,comedy,0.974,0.52,1,-6.849,1,0.34,0.555,0.0,0.0455,0.216,117.995,https://api.spotify.com/v1/audio-analysis/3MQmQowCMVhepBDEsuBXIm,400133
3O9nQmCkiA2VUAqQpkJZhD,https://p.scdn.co/mp3-preview/45d297303ee6f50a20a147e205a2f2e107d72dfd?cid=7596a347c632409f9829d4c3cb9fa3c7,comedy,0.718,0.712,8,-5.242,1,0.222,0.0225,0.0,0.0442,0.42,97.005,https://api.spotify.com/v1/audio-analysis/3O9nQmCkiA2VUAqQpkJZhD,187747
5354TkqoLgY6C6wnf7dLYK,https://p.scdn.co/mp3-preview/05978b54ee03b0e51b283ce682307359358cee17?cid=7596a347c632409f9829d4c3cb9fa3c7,comedy,0.744,0.508,2,-8.145,1,0.0709,0.0521,0.0,0.153,0.0548,83.998,https://api.spotify.com/v1/audio-analysis/5354TkqoLgY6C6wnf7dLYK,219937
7kyTxkkDXo8tClrKewPFJg,https://p.scdn.co/mp3-preview/b2c094b1c08bbe9df3a07697404d231fb715887d?cid=7596a347c632409f9829d4c3cb9fa3c7,comedy,0.516,0.435,10,-13.664,0,0.0546,0.694,0.0,0.142,0.63,105.707,https://api.spotify.com/v1/audio-analysis/7kyTxkkDXo8tClrKewPFJg,171680
74sUbOF9Zm8LdGUJjxleTl,https://p.scdn.co/mp3-preview/b0689a77c02cfd5505fb98a61e407b29d55cec13?cid=7596a347c632409f9829d4c3cb9fa3c7,comedy,0.487,0.429,4,-8.716,0,0.0391,0.332,0.0,0.207,0.508,143.582,https://api.spotify.com/v1/audio-analysis/74sUbOF9Zm8LdGUJjxleTl,328773
5IJbTPhcj0IjdzUaYqwe2I,https://p.scdn.co/mp3-preview/cf680c2b3485284d4dd1c2b494685bc3c1b64cc3?cid=7596a347c632409f9829d4c3cb9fa3c7,comedy,0.827,0.524,10,-9.819,1,0.0536,0.552,0.000112,0.198,0.356,136.785,https://api.spotify.com/v1/audio-analysis/5IJbTPhcj0IjdzUaYqwe2I,224493
2zpQ30BpR6teeCeivQoo5p,https://p.scdn.co/mp3-preview/06736e52ed5ffb6c816fb5c1af608a731bfe420c?cid=7596a347c632409f9829d4c3cb9fa3c7,comedy,0.762,0.708,2,-6.297,1,0.0573,0.0191,0.000374,0.145,0.639,131.22,https://api.spotify.com/v1/audio-analysis/2zpQ30BpR6teeCeivQoo5p,169507
1LpjlPR8Gv52B04UQNLZAw,https://p.scdn.co/mp3-preview/ddc8f99f72a70562c7c10341f37a7f05646d1be1?cid=7596a347c632409f9829d4c3cb9fa3c7,comedy,0.711,0.765,5,-4.85,1,0.263,0.297,0.0,0.282,0.47,98.627,https://api.spotify.com/v1/audio-analysis/1LpjlPR8Gv52B04UQNLZAw,150587
0QGc6iFNgFB8qM4ffK04MO,https://p.scdn.co/mp3-preview/ff17be70fe8193239955153c3791274ac26d1392?cid=7596a347c632409f9829d4c3cb9fa3c7,comedy,0.593,0.595,3,-11.981,1,0.626,0.788,0.0,0.107,0.268,88.098,https://api.spotify.com/v1/audio-analysis/0QGc6iFNgFB8qM4ffK04MO,208917
3USOTQdPtZlgVurwaqsdI5,https://p.scdn.co/mp3-preview/71b4f2daf1f1a04727dcefd1f6ba645b5730ec34?cid=7596a347c632409f9829d4c3cb9fa3c7,comedy,0.521,0.297,2,-7.022,1,0.0351,0.732,0.0,0.273,0.517,118.681,https://api.spotify.com/v1/audio-analysis/3USOTQdPtZlgVurwaqsdI5,123667
28IvFkxf9TBHdCIe3n1JWm,https://p.scdn.co/mp3-preview/7c625a6d3becf90f1ede0766fd759754fa67161d?cid=7596a347c632409f9829d4c3cb9fa3c7,comedy,0.788,0.336,7,-8.56,1,0.561,0.108,0.0,0.321,0.796,166.018,https://api.spotify.com/v1/audio-analysis/28IvFkxf9TBHdCIe3n1JWm,310467
5HRO58hfVhTpGR87AzHaBa,https://p.scdn.co/mp3-preview/edcea4b01bb617185533afb2b535cfc0c29c7201?cid=7596a347c632409f9829d4c3cb9fa3c7,comedy,0.933,0.448,7,-8.391,1,0.347,0.239,0.0,0.0579,0.774,99.968,https://api.spotify.com/v1/audio-analysis/5HRO58hfVhTpGR87AzHaBa,361173
23tFXzIrL3esi2ECP8mprj,https://p.scdn.co/mp3-preview/d90e0c36368a430aa15faa4ebe2ad5b56797d7f2?cid=7596a347c632409f9829d4c3cb9fa3c7,comedy,0.604,0.819,4,-4.224,0,0.447,0.0332,0.0,0.132,0.676,73.07,https://api.spotify.com/v1/audio-analysis/23tFXzIrL3esi2ECP8mprj,106813
0WnUB48NWIl4R96uGuF2XQ,https://p.scdn.co/mp3-preview/d367d610105008a81f2ec7537566d47bb19cb957?cid=7596a347c632409f9829d4c3cb9fa3c7,comedy,0.641,0.87,7,-7.175,1,0.213,0.000468,1.4e-05,0.618,0.199,122.016,https://api.spotify.com/v1/audio-analysis/0WnUB48NWIl4R96uGuF2XQ,151347
60VtX59NsRINDnObbDtH7G,https://p.scdn.co/mp3-preview/4b0b47d8b41f349902dfe6b4021adccf6d8b0392?cid=7596a347c632409f9829d4c3cb9fa3c7,comedy,0.542,0.699,8,-6.029,1,0.306,0.401,0.0,0.105,0.687,76.391,https://api.spotify.com/v1/audio-analysis/60VtX59NsRINDnObbDtH7G,161053
4f80LjiI9fgwCahAhEOuYk,https://p.scdn.co/mp3-preview/e76f67db86adf8daaf8e9c28d6ac5d86725d8a5b?cid=7596a347c632409f9829d4c3cb9fa3c7,comedy,0.427,0.354,4,-16.576,1,0.117,0.578,0.0,0.335,0.158,122.569,https://api.spotify.com/v1/audio-analysis/4f80LjiI9fgwCahAhEOuYk,172107
1j8bp1BNjMxUJV7nLkSUrb,https://p.scdn.co/mp3-preview/f52ae028a47f672554f89014c59173f427149cb0?cid=7596a347c632409f9829d4c3cb9fa3c7,comedy,0.58,0.552,0,-8.877,1,0.456,0.892,0.0,0.182,0.807,158.002,https://api.spotify.com/v1/audio-analysis/1j8bp1BNjMxUJV7nLkSUrb,170946
39F08AoluLGQ9F1J2bO4Pn,https://p.scdn.co/mp3-preview/33e60248bb41de41f381e559578b7b056a40352b?cid=7596a347c632409f9829d4c3cb9fa3c7,comedy,0.769,0.768,9,-4.709,1,0.23,0.0391,0.0,0.0699,0.797,140.979,https://api.spotify.com/v1/audio-analysis/39F08AoluLGQ9F1J2bO4Pn,152547
3TEwkvrtXnrcCdOzGe3qyW,https://p.scdn.co/mp3-preview/f5e17d03547dc361f672050653f375f34c1d1d61?cid=7596a347c632409f9829d4c3cb9fa3c7,comedy,0.737,0.813,11,-5.46,0,0.943,0.912,0.0,0.705,0.462,91.799,https://api.spotify.com/v1/audio-analysis/3TEwkvrtXnrcCdOzGe3qyW,60775
6Yne58lJuqxDXtJvMaNaR6,https://p.scdn.co/mp3-preview/8caf9aa3aeeb9af145e33f1fef58070d3b03d218?cid=7596a347c632409f9829d4c3cb9fa3c7,comedy,0.701,0.833,0,-5.933,1,0.125,0.0607,0.0,0.322,0.884,100.008,https://api.spotify.com/v1/audio-analysis/6Yne58lJuqxDXtJvMaNaR6,304121
45RrFn6tVyVfVZtupoVEDG,https://p.scdn.co/mp3-preview/28dbc206972a69b8c2581b76fdb894ce19e0ffff?cid=7596a347c632409f9829d4c3cb9fa3c7,comedy,0.573,0.519,1,-17.869,0,0.938,0.774,0.0,0.499,0.492,62.63,https://api.spotify.com/v1/audio-analysis/45RrFn6tVyVfVZtupoVEDG,58627
1fzt9ftvNEiuNqTReMg5wj,https://p.scdn.co/mp3-preview/26e4c67d98930f9b28475f1f66af1ede193464b8?cid=7596a347c632409f9829d4c3cb9fa3c7,comedy,0.669,0.781,3,-7.544,1,0.921,0.895,0.0,0.737,0.362,77.369,https://api.spotify.com/v1/audio-analysis/1fzt9ftvNEiuNqTReMg5wj,77427
249T5tIVKagVUTXHsI6biX,https://p.scdn.co/mp3-preview/48c3d9d59afda85c91c8f7e801ccc03d8a6eca1a?cid=7596a347c632409f9829d4c3cb9fa3c7,comedy,0.647,0.845,7,-5.628,1,0.235,0.0581,0.0,0.365,0.774,89.974,https://api.spotify.com/v1/audio-analysis/249T5tIVKagVUTXHsI6biX,237081
54jqh2UHewWKNJc5WMpLfs,https://p.scdn.co/mp3-preview/f325cd910cd74cc66a19c4725ab37f97d0ff9cf5?cid=7596a347c632409f9829d4c3cb9fa3c7,comedy,0.57,0.843,9,-5.622,1,0.286,0.00422,0.00445,0.643,0.62,187.858,https://api.spotify.com/v1/audio-analysis/54jqh2UHewWKNJc5WMpLfs,230267
2TUXmTRDQTSuoxGP4WnzZa,https://p.scdn.co/mp3-preview/e928c0152a78924556444dee9fd034fdf9f329d4?cid=7596a347c632409f9829d4c3cb9fa3c7,comedy,0.719,0.712,10,-5.249,0,0.126,0.0151,0.0,0.136,0.733,89.987,https://api.spotify.com/v1/audio-analysis/2TUXmTRDQTSuoxGP4WnzZa,348134
4uAJ2FqIkk54dIqf0vQgiE,https://p.scdn.co/mp3-preview/f6859b531f951bd25bd76f4d5be91074f3f2e556?cid=7596a347c632409f9829d4c3cb9fa3c7,comedy,0.747,0.644,7,-7.176,1,0.112,0.0414,0.000195,0.186,0.804,90.028,https://api.spotify.com/v1/audio-analysis/4uAJ2FqIkk54dIqf0vQgiE,232041
5i0BBU8OZdD7EkYeA5WrSq,https://p.scdn.co/mp3-preview/49a8e6e6f44e5df8d4d90ac2d9b1ff00e2a887f2?cid=7596a347c632409f9829d4c3cb9fa3c7,comedy,0.378,0.664,2,-10.652,1,0.249,0.554,0.0,0.154,0.649,172.866,https://api.spotify.com/v1/audio-analysis/5i0BBU8OZdD7EkYeA5WrSq,266173
0IaR6HCEObaHxA52i0fdKU,https://p.scdn.co/mp3-preview/9c8278a603bb07d15c2b5afec3a3191f42c261ee?cid=7596a347c632409f9829d4c3cb9fa3c7,comedy,0.655,0.817,8,-4.286,1,0.346,0.00106,1.38e-05,0.066,0.671,129.738,https://api.spotify.com/v1/audio-analysis/0IaR6HCEObaHxA52i0fdKU,158520
2lVYZep52w1efoH14yNRHg,https://p.scdn.co/mp3-preview/57c2bd7e8c0a549f1b4d41793536edd9680a021a?cid=7596a347c632409f9829d4c3cb9fa3c7,comedy,0.54,0.382,9,-12.183,1,0.454,0.858,0.0,0.0967,0.857,106.608,https://api.spotify.com/v1/audio-analysis/2lVYZep52w1efoH14yNRHg,115320
654BsrC02WJ0xyxECJyM6h,https://p.scdn.co/mp3-preview/7499901c4da2b9fcbcb719cb65eef2193df598d5?cid=7596a347c632409f9829d4c3cb9fa3c7,comedy,0.688,0.655,1,-9.487,0,0.908,0.829,0.0,0.68,0.677,94.35,https://api.spotify.com/v1/audio-analysis/654BsrC02WJ0xyxECJyM6h,67000
0JIirAeF8YzM8Xv9PpgpR2,https://p.scdn.co/mp3-preview/ef416daf67d5dfdd30928b61bf113bdb077cf8fc?cid=7596a347c632409f9829d4c3cb9fa3c7,comedy,0.69,0.519,2,-9.758,1,0.885,0.811,0.0,0.892,0.761,116.878,https://api.spotify.com/v1/audio-analysis/0JIirAeF8YzM8Xv9PpgpR2,64000
2SmXJEhm1yJvXK6Hx4XAYT,https://p.scdn.co/mp3-preview/abf87970fe9a321cac36ebe24af6e7e69886ff84?cid=7596a347c632409f9829d4c3cb9fa3c7,comedy,0.837,0.554,2,-10.165,1,0.109,0.734,5.6e-05,0.129,0.676,117.012,https://api.spotify.com/v1/audio-analysis/2SmXJEhm1yJvXK6Hx4XAYT,165040
2eUOoOf6q0e9FIK01SJMjT,https://p.scdn.co/mp3-preview/5c88a77bbe5e439dfd0f6025e757806ea6fca5d3?cid=7596a347c632409f9829d4c3cb9fa3c7,comedy,0.768,0.709,5,-4.87,0,0.196,0.227,0.0,0.504,0.824,95.972,https://api.spotify.com/v1/audio-analysis/2eUOoOf6q0e9FIK01SJMjT,258837
4CCFkvlWQnHfBNhz0AwHwq,https://p.scdn.co/mp3-preview/1805f7b364006e3ade22773f878d4ebef32a4ba8?cid=7596a347c632409f9829d4c3cb9fa3c7,comedy,0.537,0.916,10,-10.367,0,0.948,0.735,0.0,0.863,0.272,80.863,https://api.spotify.com/v1/audio-analysis/4CCFkvlWQnHfBNhz0AwHwq,66787
5wT8BjVqjxm5POZnrwArDA,https://p.scdn.co/mp3-preview/e8009271637fafd5d1a891b9a48ef71f24f0a820?cid=7596a347c632409f9829d4c3cb9fa3c7,comedy,0.665,0.86,9,-8.302,0,0.941,0.786,0.0,0.906,0.194,85.054,https://api.spotify.com/v1/audio-analysis/5wT8BjVqjxm5POZnrwArDA,65413
18ZancOCnfubiRvcAx9kxe,https://p.scdn.co/mp3-preview/9642bab6113f1481486b541d2092ebc5481f0662?cid=7596a347c632409f9829d4c3cb9fa3c7,comedy,0.486,0.512,0,-9.664,1,0.176,0.494,0.0,0.145,0.582,125.376,https://api.spotify.com/v1/audio-analysis/18ZancOCnfubiRvcAx9kxe,232880
2SDP1ao9do3ec5fhttYcOa,https://p.scdn.co/mp3-preview/d7f86d15ef156c6150c61448a569d22f8f650ed8?cid=7596a347c632409f9829d4c3cb9fa3c7,comedy,0.619,0.925,1,-6.135,0,0.939,0.748,0.0,0.87,0.406,55.251,https://api.spotify.com/v1/audio-analysis/2SDP1ao9do3ec5fhttYcOa,88511
2rKPqxCmMQ68wYV1ArFvNy,https://p.scdn.co/mp3-preview/00f9d796d418b2e27e9e14b710b373dabc364b98?cid=7596a347c632409f9829d4c3cb9fa3c7,comedy,0.652,0.574,7,-7.62,1,0.0638,0.0166,0.0,0.133,0.299,80.996,https://api.spotify.com/v1/audio-analysis/2rKPqxCmMQ68wYV1ArFvNy,167676
5xvpAWk0bp29ulivJGVe97,https://p.scdn.co/mp3-preview/b385289a3b80be3f192db60db0bf1be16af72273?cid=7596a347c632409f9829d4c3cb9fa3c7,comedy,0.643,0.716,1,-9.339,1,0.935,0.805,0.0,0.78,0.609,132.432,https://api.spotify.com/v1/audio-analysis/5xvpAWk0bp29ulivJGVe97,66880
2ELqO1C2U6vhg1BfYp7QhG,https://p.scdn.co/mp3-preview/8217183029bba11e72b3ca157f68e38d4711da59?cid=7596a347c632409f9829d4c3cb9fa3c7,comedy,0.474,0.666,6,-10.455,0,0.0905,0.359,0.0,0.0957,0.923,162.314,https://api.spotify.com/v1/audio-analysis/2ELqO1C2U6vhg1BfYp7QhG,287053
36TPpEtjk38e4iMgfUxqlS,https://p.scdn.co/mp3-preview/a35a2babf17fdfd54cea2905daa0062934a9eea5?cid=7596a347c632409f9829d4c3cb9fa3c7,comedy,0.63,0.585,0,-12.082,1,0.943,0.647,0.0,0.698,0.624,58.823,https://api.spotify.com/v1/audio-analysis/36TPpEtjk38e4iMgfUxqlS,85373
263N9sBEA4LvQnju2Qm4Mi,https://p.scdn.co/mp3-preview/1dcc01d7d78d0f6cb0b8739a63ab87b911c2a07a?cid=7596a347c632409f9829d4c3cb9fa3c7,comedy,0.648,0.596,5,-12.92,0,0.946,0.706,0.0,0.722,0.661,76.723,https://api.spotify.com/v1/audio-analysis/263N9sBEA4LvQnju2Qm4Mi,97280
0d2buufVtMBJSci3vTZkDS,https://p.scdn.co/mp3-preview/0068a9cd6d7ee27a57e954540686cfd97d3fb340?cid=7596a347c632409f9829d4c3cb9fa3c7,comedy,0.874,0.587,0,-5.217,1,0.0862,0.0667,0.000156,0.0474,0.966,147.973,https://api.spotify.com/v1/audio-analysis/0d2buufVtMBJSci3vTZkDS,111914
3VAngYbmdGQA6ydqpi6nlq,https://p.scdn.co/mp3-preview/e9521d6eb96ef5454d0570254740f29afdaad7c3?cid=7596a347c632409f9829d4c3cb9fa3c7,comedy,0.563,0.78,7,-7.766,1,0.9,0.572,0.0,0.523,0.588,93.837,https://api.spotify.com/v1/audio-analysis/3VAngYbmdGQA6ydqpi6nlq,77067
37CExWMtIT9zD8TDKZE1kh,https://p.scdn.co/mp3-preview/b9ac4c812cf3ffd8e60594f399aa5bd4553092d2?cid=7596a347c632409f9829d4c3cb9fa3c7,comedy,0.544,0.5,1,-11.789,0,0.945,0.76,0.0,0.735,0.675,65.443,https://api.spotify.com/v1/audio-analysis/37CExWMtIT9zD8TDKZE1kh,104080
4fWLMrpHbBQ3QX19oJYZtf,https://p.scdn.co/mp3-preview/33999f8080ae616e08d810f53acec6808118db54?cid=7596a347c632409f9829d4c3cb9fa3c7,comedy,0.517,0.893,6,-6.315,1,0.952,0.824,0.0,0.697,0.534,147.191,https://api.spotify.com/v1/audio-analysis/4fWLMrpHbBQ3QX19oJYZtf,73749
2vYzrIsIWHGtFyNf57PPN1,https://p.scdn.co/mp3-preview/a3e3204e777f697f6781d57f04d68eb8055b8edc?cid=7596a347c632409f9829d4c3cb9fa3c7,comedy,0.755,0.788,3,-5.56,0,0.225,0.323,0.0,0.126,0.562,91.027,https://api.spotify.com/v1/audio-analysis/2vYzrIsIWHGtFyNf57PPN1,211583
6vDWLYI7zYTt0pzsYhkw05,https://p.scdn.co/mp3-preview/2956f822ef1575824505df66e72d322f3ecaeb71?cid=7596a347c632409f9829d4c3cb9fa3c7,comedy,0.634,0.96,11,-10.781,1,0.933,0.761,0.0,0.714,0.136,84.429,https://api.spotify.com/v1/audio-analysis/6vDWLYI7zYTt0pzsYhkw05,78774
1LyW3Cwi49N1l58Pf1TNKy,https://p.scdn.co/mp3-preview/fdd39c626020a6932611532d41e05ae8bdb53d79?cid=7596a347c632409f9829d4c3cb9fa3c7,comedy,0.851,0.265,4,-14.402,1,0.432,0.712,0.000711,0.75,0.94,116.467,https://api.spotify.com/v1/audio-analysis/1LyW3Cwi49N1l58Pf1TNKy,112859
02FKf5k61EOM3NiNsLm2Sy,https://p.scdn.co/mp3-preview/945a2c132f92cd882e9d54f27ee5e5a2ea1aab2d?cid=7596a347c632409f9829d4c3cb9fa3c7,comedy,0.723,0.603,1,-11.49,1,0.944,0.777,0.0,0.706,0.574,108.471,https://api.spotify.com/v1/audio-analysis/02FKf5k61EOM3NiNsLm2Sy,84067
5mN0UUIKMVtnfsW8lhwzqY,https://p.scdn.co/mp3-preview/dce98f32e18e2a0e49f5baedc440c043c826ef65?cid=7596a347c632409f9829d4c3cb9fa3c7,comedy,0.503,0.728,5,-8.409,1,0.136,0.164,0.0,0.0827,0.937,155.882,https://api.spotify.com/v1/audio-analysis/5mN0UUIKMVtnfsW8lhwzqY,246000
3hody5PjTIzwoiV3hnAvWL,https://p.scdn.co/mp3-preview/4c869fad880cb3891cf27a45de89fb9dda7edae2?cid=7596a347c632409f9829d4c3cb9fa3c7,comedy,0.666,0.751,0,-5.355,0,0.216,0.0255,0.0,0.294,0.607,175.891,https://api.spotify.com/v1/audio-analysis/3hody5PjTIzwoiV3hnAvWL,201440
0dlZx6oDaEx0qyabf0wfmD,https://p.scdn.co/mp3-preview/ede4f3e719f7c6f505d4d82d05512ef2b3bc4109?cid=7596a347c632409f9829d4c3cb9fa3c7,comedy,0.612,0.501,6,-13.787,1,0.936,0.8,2.62e-06,0.781,0.464,56.863,https://api.spotify.com/v1/audio-analysis/0dlZx6oDaEx0qyabf0wfmD,69240
1nXCcO9Fp1mE0rzw39qOPY,https://p.scdn.co/mp3-preview/015e1d2f4e73bfac7ca3bf9fa03a6cbdc72aab9a?cid=7596a347c632409f9829d4c3cb9fa3c7,comedy,0.497,0.74,7,-6.638,1,0.21,0.0861,3.45e-05,0.213,0.929,151.192,https://api.spotify.com/v1/audio-analysis/1nXCcO9Fp1mE0rzw39qOPY,300682
7BJoK2NNvh6I5pFqrGQKNo,https://p.scdn.co/mp3-preview/8539e00ebd6cf621072fa61ddba37f99024f67bd?cid=7596a347c632409f9829d4c3cb9fa3c7,comedy,0.716,0.845,3,-6.308,1,0.957,0.877,0.0,0.96,0.545,55.471,https://api.spotify.com/v1/audio-analysis/7BJoK2NNvh6I5pFqrGQKNo,63202
1kZGuXksardqC8Mz5nN7hA,https://p.scdn.co/mp3-preview/85e4f9321d56751a6187860d1048ac9420b37710?cid=7596a347c632409f9829d4c3cb9fa3c7,comedy,0.581,0.455,2,-12.865,1,0.955,0.733,0.0,0.741,0.46,77.273,https://api.spotify.com/v1/audio-analysis/1kZGuXksardqC8Mz5nN7hA,107573
4BVzMXl6fgEC82DpjTZD0T,https://p.scdn.co/mp3-preview/71b4f2daf1f1a04727dcefd1f6ba645b5730ec34?cid=7596a347c632409f9829d4c3cb9fa3c7,comedy,0.521,0.297,2,-7.022,1,0.0351,0.732,0.0,0.273,0.517,118.681,https://api.spotify.com/v1/audio-analysis/4BVzMXl6fgEC82DpjTZD0T,123667
4afuD3lXR6X2F0LvhN8HSk,https://p.scdn.co/mp3-preview/db5a86cc0d1f2d96636a6322919d3b5852605cd0?cid=7596a347c632409f9829d4c3cb9fa3c7,comedy,0.538,0.944,9,-4.929,1,0.909,0.762,0.0,0.702,0.418,124.331,https://api.spotify.com/v1/audio-analysis/4afuD3lXR6X2F0LvhN8HSk,60573
1yWV55pXliiGCZcCJib00X,https://p.scdn.co/mp3-preview/3c48231ecaef65a24c280c0079688b1ed5a2e8bc?cid=7596a347c632409f9829d4c3cb9fa3c7,comedy,0.716,0.677,0,-7.893,1,0.866,0.888,0.0,0.901,0.575,46.489,https://api.spotify.com/v1/audio-analysis/1yWV55pXliiGCZcCJib00X,111493
5rRMux9vrgG0HAnW8AgFCt,https://p.scdn.co/mp3-preview/fde13a05400c9715d5d4f8addf2f005a069774fb?cid=7596a347c632409f9829d4c3cb9fa3c7,comedy,0.735,0.812,1,-1.238,1,0.128,0.351,0.0,0.261,0.31,106.33,https://api.spotify.com/v1/audio-analysis/5rRMux9vrgG0HAnW8AgFCt,188547
6tBzYurAiGkaGopgYPdNo7,https://p.scdn.co/mp3-preview/a10196141835dab7f66f9d5c6ed67742755e5104?cid=7596a347c632409f9829d4c3cb9fa3c7,comedy,0.829,0.727,7,-8.606,1,0.165,0.429,0.0,0.0709,0.907,101.644,https://api.spotify.com/v1/audio-analysis/6tBzYurAiGkaGopgYPdNo7,156360
2j5Zkzy7uR8AlCJyJvT1B4,https://p.scdn.co/mp3-preview/1a1bafb53bb23984e168fc5aa455fecf3f0ffbe8?cid=7596a347c632409f9829d4c3cb9fa3c7,comedy,0.73,0.538,7,-14.616,1,0.948,0.778,0.0,0.682,0.684,94.155,https://api.spotify.com/v1/audio-analysis/2j5Zkzy7uR8AlCJyJvT1B4,62000
5qdF9nuuyUz6imnIReyGnR,https://p.scdn.co/mp3-preview/5f857fa0da588a43857477f5c135cf013ef7c3b2?cid=7596a347c632409f9829d4c3cb9fa3c7,comedy,0.53,0.85,0,-17.391,0,0.946,0.92,0.0,0.694,0.157,123.323,https://api.spotify.com/v1/audio-analysis/5qdF9nuuyUz6imnIReyGnR,80987
4gqFI5OZok7ymCHX1cFYAv,https://p.scdn.co/mp3-preview/7073c9d5e1628c652d2b4f66aef292e79dae3de3?cid=7596a347c632409f9829d4c3cb9fa3c7,comedy,0.608,0.598,8,-10.48,1,0.943,0.841,0.0,0.661,0.467,82.149,https://api.spotify.com/v1/audio-analysis/4gqFI5OZok7ymCHX1cFYAv,63320
4g47WQ1PgR2j1Jrmn6yvDr,https://p.scdn.co/mp3-preview/44acb43eb48cb84a88555b65fd3211bb2dfb99fe?cid=7596a347c632409f9829d4c3cb9fa3c7,comedy,0.678,0.58,0,-11.159,1,0.951,0.635,0.0,0.819,0.607,93.282,https://api.spotify.com/v1/audio-analysis/4g47WQ1PgR2j1Jrmn6yvDr,118373
3R785i8J2uEMyLtU80Hfzu,https://p.scdn.co/mp3-preview/100a48fbeb5b2b9ebe0b737e4c26c6e8f5220337?cid=7596a347c632409f9829d4c3cb9fa3c7,comedy,0.66,0.478,2,-8.876,0,0.404,0.806,0.0,0.316,0.67,124.62,https://api.spotify.com/v1/audio-analysis/3R785i8J2uEMyLtU80Hfzu,175813
0uguTAc0yJY2vfmqiuYoob,https://p.scdn.co/mp3-preview/b5262c7b5e0fd5619effeb97922f622aac629c85?cid=7596a347c632409f9829d4c3cb9fa3c7,comedy,0.804,0.676,9,-3.749,1,0.236,0.102,0.0,0.235,0.485,89.984,https://api.spotify.com/v1/audio-analysis/0uguTAc0yJY2vfmqiuYoob,142760
3zmTgJBqPO4uSMTlNL39sg,https://p.scdn.co/mp3-preview/ed4486539813f1a17e8047f08659ee88d9c387c9?cid=7596a347c632409f9829d4c3cb9fa3c7,comedy,0.554,0.716,5,-11.712,0,0.919,0.91,8.04e-05,0.71,0.44,125.437,https://api.spotify.com/v1/audio-analysis/3zmTgJBqPO4uSMTlNL39sg,62840
0sAwc43Ge6N08esfhdpD10,https://p.scdn.co/mp3-preview/81f087c258f64bb5d6756fa121c5d298045ad7e8?cid=7596a347c632409f9829d4c3cb9fa3c7,comedy,0.559,0.95,1,-7.276,1,0.918,0.838,0.0,0.941,0.123,118.556,https://api.spotify.com/v1/audio-analysis/0sAwc43Ge6N08esfhdpD10,310960
7rQZBa7ftCF9cNsLkl9ROk,https://p.scdn.co/mp3-preview/6204d3bbb024558bdf5d812751dac2424b66f60b?cid=7596a347c632409f9829d4c3cb9fa3c7,comedy,0.445,0.321,0,-13.594,1,0.035,0.882,0.21,0.0775,0.398,106.059,https://api.spotify.com/v1/audio-analysis/7rQZBa7ftCF9cNsLkl9ROk,190720
1rhiavSEJYibAYeVLEYxW6,https://p.scdn.co/mp3-preview/0770af0267c202158fd48912246e76db8c3dd1aa?cid=7596a347c632409f9829d4c3cb9fa3c7,comedy,0.547,0.935,9,-7.161,1,0.95,0.885,0.0,0.536,0.182,76.879,https://api.spotify.com/v1/audio-analysis/1rhiavSEJYibAYeVLEYxW6,86621
5orUhwRVuVCtRYxg3FzidD,https://p.scdn.co/mp3-preview/24d6dfd00f4bb4b37f05a1c75313fa4becdbd8ef?cid=7596a347c632409f9829d4c3cb9fa3c7,comedy,0.736,0.747,6,-5.398,0,0.185,0.0762,0.0,0.312,0.574,89.99,https://api.spotify.com/v1/audio-analysis/5orUhwRVuVCtRYxg3FzidD,171027
4ZJGobiy4ayWSdKfoqMRlX,https://p.scdn.co/mp3-preview/f54e6187ee324e66d34fdf940a9acfa59520529a?cid=7596a347c632409f9829d4c3cb9fa3c7,comedy,0.696,0.556,10,-11.442,1,0.404,0.276,0.0,0.234,0.792,192.073,https://api.spotify.com/v1/audio-analysis/4ZJGobiy4ayWSdKfoqMRlX,176307
5kO5oF3TEldEQXGg2v8TAy,https://p.scdn.co/mp3-preview/ab69fa674721e510c1ac0902cc30c04eb77f2e79?cid=7596a347c632409f9829d4c3cb9fa3c7,comedy,0.82,0.721,11,-4.179,0,0.32,0.331,2.4e-05,0.0776,0.863,166.238,https://api.spotify.com/v1/audio-analysis/5kO5oF3TEldEQXGg2v8TAy,207480
6TrZ8mGusevBllV2kpDLxV,https://p.scdn.co/mp3-preview/6592ef2bca194acecf48cab2d7c779273586f0b7?cid=7596a347c632409f9829d4c3cb9fa3c7,comedy,0.65,0.29,0,-17.496,1,0.247,0.844,0.0,0.15,0.238,76.778,https://api.spotify.com/v1/audio-analysis/6TrZ8mGusevBllV2kpDLxV,102093
4jkAxwXmOzyG63QjUxLUl3,https://p.scdn.co/mp3-preview/b731d8f856cd32658025d81afa6cc63aa409979c?cid=7596a347c632409f9829d4c3cb9fa3c7,comedy,0.557,0.844,1,-6.386,1,0.934,0.767,0.0,0.71,0.364,67.985,https://api.spotify.com/v1/audio-analysis/4jkAxwXmOzyG63QjUxLUl3,134780
23ROdMDJ0V6aE2cUawJTJg,https://p.scdn.co/mp3-preview/e115c5324f4e7854d612caf4c00aa3c4c74e1b50?cid=7596a347c632409f9829d4c3cb9fa3c7,comedy,0.615,0.811,6,-4.316,1,0.144,0.0188,0.0,0.196,0.808,167.995,https://api.spotify.com/v1/audio-analysis/23ROdMDJ0V6aE2cUawJTJg,166560
2AHod6dzWIEHvcr6rh3rQw,https://p.scdn.co/mp3-preview/b51f339577c8dcd4592ce6205c7848cc3a1c9d67?cid=7596a347c632409f9829d4c3cb9fa3c7,comedy,0.925,0.371,9,-7.464,1,0.406,0.357,0.0,0.132,0.527,99.013,https://api.spotify.com/v1/audio-analysis/2AHod6dzWIEHvcr6rh3rQw,353567
0CoPoNohPHCjvggWHlxgk5,https://p.scdn.co/mp3-preview/de85c88c63b1f4124f53aea82735a9663467924e?cid=7596a347c632409f9829d4c3cb9fa3c7,comedy,0.506,0.666,0,-6.769,1,0.07,0.126,0.000257,0.0863,0.595,100.846,https://api.spotify.com/v1/audio-analysis/0CoPoNohPHCjvggWHlxgk5,179800
45f6to8o2A2JO114qHOoZl,https://p.scdn.co/mp3-preview/3b976bc0a03b5729fe8d480fa6a71cf6224c25c1?cid=7596a347c632409f9829d4c3cb9fa3c7,comedy,0.433,0.964,9,-7.539,0,0.86,0.787,0.0,0.935,0.448,89.612,https://api.spotify.com/v1/audio-analysis/45f6to8o2A2JO114qHOoZl,61040
6G1rjrxzPXBy9xHNksAX5b,https://p.scdn.co/mp3-preview/9be01533ce84d81d3e0cb16d8423271a3db83ebc?cid=7596a347c632409f9829d4c3cb9fa3c7,comedy,0.617,0.422,5,-14.989,1,0.921,0.832,0.0,0.901,0.605,118.366,https://api.spotify.com/v1/audio-analysis/6G1rjrxzPXBy9xHNksAX5b,125893
3ubq7jlU7wXySpsrWyI9QE,https://p.scdn.co/mp3-preview/b635e7897374f1ed4bec6b5545b657fa08df64f4?cid=7596a347c632409f9829d4c3cb9fa3c7,comedy,0.667,0.615,8,-13.81,1,0.919,0.777,0.0,0.69,0.358,84.881,https://api.spotify.com/v1/audio-analysis/3ubq7jlU7wXySpsrWyI9QE,61760
1JT55KoXuhtYy5BeKNAeC0,https://p.scdn.co/mp3-preview/df0bc975a9cb043eed7df0a75b25651176a47192?cid=7596a347c632409f9829d4c3cb9fa3c7,comedy,0.623,0.77,6,-5.008,0,0.208,0.0025,0.0,0.295,0.248,150.002,https://api.spotify.com/v1/audio-analysis/1JT55KoXuhtYy5BeKNAeC0,146507
7Me2LRIbM0vwwviyVMm0lH,https://p.scdn.co/mp3-preview/cd3446b5402e8a5020d0fbda63f91e1cd413dcf4?cid=7596a347c632409f9829d4c3cb9fa3c7,comedy,0.603,0.948,2,-2.742,1,0.865,0.855,0.0,0.957,0.597,84.072,https://api.spotify.com/v1/audio-analysis/7Me2LRIbM0vwwviyVMm0lH,81853
6mUdoWDdBiTLpS5dtlSraL,https://p.scdn.co/mp3-preview/58178abf039823ece39e06faaf2740d2c2348fad?cid=7596a347c632409f9829d4c3cb9fa3c7,comedy,0.516,0.81,0,-12.031,0,0.945,0.663,0.0,0.912,0.273,100.966,https://api.spotify.com/v1/audio-analysis/6mUdoWDdBiTLpS5dtlSraL,70093
4GW4L3zgWhbQNAYAqpbGgA,https://p.scdn.co/mp3-preview/edc7c9fbaacbadcd23b9296a9cc3111d72251fad?cid=7596a347c632409f9829d4c3cb9fa3c7,comedy,0.483,0.959,6,-6.95,0,0.95,0.898,0.0,0.816,0.11,54.802,https://api.spotify.com/v1/audio-analysis/4GW4L3zgWhbQNAYAqpbGgA,552544
2KldK81uQyPpbJLwEekaLQ,https://p.scdn.co/mp3-preview/8329c585a36ec90578f4f6fdb7e979b0c3c5590c?cid=7596a347c632409f9829d4c3cb9fa3c7,comedy,0.662,0.721,7,-4.726,1,0.316,0.284,0.0,0.106,0.69,169.914,https://api.spotify.com/v1/audio-analysis/2KldK81uQyPpbJLwEekaLQ,201493
2zj5HtX8Jc65mPQeQXS5Tl,https://p.scdn.co/mp3-preview/b28634b8e6d7359268cf915eccbc9979a507166e?cid=7596a347c632409f9829d4c3cb9fa3c7,comedy,0.561,0.64,5,-13.327,1,0.87,0.847,5.97e-06,0.927,0.496,93.148,https://api.spotify.com/v1/audio-analysis/2zj5HtX8Jc65mPQeQXS5Tl,102800
3d43Ej8dOmqkBYy1vodEBp,https://p.scdn.co/mp3-preview/244f64762b70e37a1532d3497fd6e96f339f0552?cid=7596a347c632409f9829d4c3cb9fa3c7,comedy,0.51,0.404,11,-19.636,0,0.922,0.895,1.42e-06,0.688,0.396,75.827,https://api.spotify.com/v1/audio-analysis/3d43Ej8dOmqkBYy1vodEBp,82467
0XCuJNxpyNzJZdmE00hjEJ,https://p.scdn.co/mp3-preview/6b6b160262b779821a87213957a854547c7e3f38?cid=7596a347c632409f9829d4c3cb9fa3c7,comedy,0.388,0.494,4,-11.552,1,0.136,0.924,0.0,0.843,0.632,152.245,https://api.spotify.com/v1/audio-analysis/0XCuJNxpyNzJZdmE00hjEJ,75600
2Ya76BRR7qU1L8zp2ghWDZ,https://p.scdn.co/mp3-preview/665ea75b2259ebcb5e62d6be17bf9e1ab363efb3?cid=7596a347c632409f9829d4c3cb9fa3c7,comedy,0.476,0.673,4,-17.628,1,0.937,0.869,0.0,0.779,0.183,98.088,https://api.spotify.com/v1/audio-analysis/2Ya76BRR7qU1L8zp2ghWDZ,66787
5sg2co0cSOHpj6QSEderYt,https://p.scdn.co/mp3-preview/22b1bfd8ab07add2c9a71d237abd367f3150cd2a?cid=7596a347c632409f9829d4c3cb9fa3c7,comedy,0.698,0.904,5,-5.793,1,0.914,0.785,0.0,0.677,0.471,69.892,https://api.spotify.com/v1/audio-analysis/5sg2co0cSOHpj6QSEderYt,90940
4Exknuth94DX8UKqaoxKoj,https://p.scdn.co/mp3-preview/f5604bd76be198fafac6646b62a613af3ffa7b95?cid=7596a347c632409f9829d4c3cb9fa3c7,comedy,0.87,0.64,8,-5.228,1,0.0511,0.00175,0.00403,0.0938,0.0634,128.007,https://api.spotify.com/v1/audio-analysis/4Exknuth94DX8UKqaoxKoj,138946
44RAwPRwmgYRKNk3UmyPt9,https://p.scdn.co/mp3-preview/c33d43627eacb25c62265be66b7135283503f073?cid=7596a347c632409f9829d4c3cb9fa3c7,comedy,0.589,0.431,1,-17.303,1,0.927,0.929,1.05e-06,0.918,0.54,70.41,https://api.spotify.com/v1/audio-analysis/44RAwPRwmgYRKNk3UmyPt9,107265
7zvKFw17XyoBUx9mHiwzPy,https://p.scdn.co/mp3-preview/e7492554ada601ce4ad4d615d74a0ca589b85ab2?cid=7596a347c632409f9829d4c3cb9fa3c7,comedy,0.717,0.587,7,-8.97,1,0.368,0.0795,1.87e-05,0.192,0.336,112.44,https://api.spotify.com/v1/audio-analysis/7zvKFw17XyoBUx9mHiwzPy,196173
2sB0xPnrtFSNkfugdmuUXy,https://p.scdn.co/mp3-preview/f46b1f0c6664922cb2f8215ff0db01d300d939d8?cid=7596a347c632409f9829d4c3cb9fa3c7,comedy,0.899,0.399,1,-11.321,0,0.457,0.0111,0.0,0.0801,0.72,87.984,https://api.spotify.com/v1/audio-analysis/2sB0xPnrtFSNkfugdmuUXy,313067
5H9Rm4YeN5lkkTc15y7Weh,https://p.scdn.co/mp3-preview/bf80c347718d6c9dbbe009ebdab5dcccafada913?cid=7596a347c632409f9829d4c3cb9fa3c7,comedy,0.565,0.782,2,-8.686,1,0.92,0.903,0.0,0.94,0.327,107.713,https://api.spotify.com/v1/audio-analysis/5H9Rm4YeN5lkkTc15y7Weh,130507
0NAWAfcwDHh5Ew5IVClmqu,https://p.scdn.co/mp3-preview/f7c3bf746e04e988af54d51d78a89c1cba5bbe74?cid=7596a347c632409f9829d4c3cb9fa3c7,comedy,0.536,0.868,4,-8.972,1,0.941,0.903,0.0,0.966,0.6,69.004,https://api.spotify.com/v1/audio-analysis/0NAWAfcwDHh5Ew5IVClmqu,60720
3o6DZhZlx6v7OA6ecImt9P,https://p.scdn.co/mp3-preview/80b4385b350854fbcfe004921ec38d73f8d7144f?cid=7596a347c632409f9829d4c3cb9fa3c7,comedy,0.446,0.543,6,-15.884,0,0.938,0.807,1.12e-06,0.67,0.351,177.395,https://api.spotify.com/v1/audio-analysis/3o6DZhZlx6v7OA6ecImt9P,94307
0DBSA80o5OUsKMosiIL4Bg,https://p.scdn.co/mp3-preview/5628e7ba986bd1020ca1b0471175584a344fe4d5?cid=7596a347c632409f9829d4c3cb9fa3c7,comedy,0.59,0.518,5,-15.388,1,0.915,0.794,0.0,0.681,0.287,68.852,https://api.spotify.com/v1/audio-analysis/0DBSA80o5OUsKMosiIL4Bg,316560
3LOFvhASU58zstWsBzohtD,https://p.scdn.co/mp3-preview/7817c28e705466eabf342b39aecb295e9a3737bc?cid=7596a347c632409f9829d4c3cb9fa3c7,comedy,0.437,0.993,1,-7.432,1,0.851,0.792,0.0,0.976,0.0648,75.222,https://api.spotify.com/v1/audio-analysis/3LOFvhASU58zstWsBzohtD,118600
6JwC7ufMUMXNhg5d0QyKft,https://p.scdn.co/mp3-preview/36b6d79817d27d5fa5e48db35110683b98c9a0b9?cid=7596a347c632409f9829d4c3cb9fa3c7,comedy,0.553,0.773,6,-11.262,0,0.94,0.863,0.0,0.755,0.364,120.517,https://api.spotify.com/v1/audio-analysis/6JwC7ufMUMXNhg5d0QyKft,82680
5X0L2yN2QLdAT5YIxMA2rP,https://p.scdn.co/mp3-preview/cb93f381050fb92ee3feb0de374cea98fa14667c?cid=7596a347c632409f9829d4c3cb9fa3c7,comedy,0.0,0.117,3,-13.739,1,0.0,0.901,0.0,0.15,0.0,0.0,https://api.spotify.com/v1/audio-analysis/5X0L2yN2QLdAT5YIxMA2rP,80773
0lxMGoK1JprxX9WqVq5USh,https://p.scdn.co/mp3-preview/f8a33f7f32de2839707b209355200e62f313d2e5?cid=7596a347c632409f9829d4c3cb9fa3c7,comedy,0.564,0.61,6,-11.969,1,0.955,0.7,0.0,0.719,0.389,73.479,https://api.spotify.com/v1/audio-analysis/0lxMGoK1JprxX9WqVq5USh,131120
191UR9TWHHvxxH4x4Mkuia,https://p.scdn.co/mp3-preview/051db0f1ffff460db0fb5852573fddc8410ab922?cid=7596a347c632409f9829d4c3cb9fa3c7,comedy,0.395,0.549,7,-5.547,1,0.0387,0.588,0.0,0.18,0.422,173.584,https://api.spotify.com/v1/audio-analysis/191UR9TWHHvxxH4x4Mkuia,239627
0MDNAlh3uu0FidvvpvX0mc,https://p.scdn.co/mp3-preview/3a1a4380fcb7d3493b3e8d529f592a0ddfb74512?cid=7596a347c632409f9829d4c3cb9fa3c7,comedy,0.761,0.871,1,-4.088,1,0.324,0.0459,0.0,0.0658,0.828,134.151,https://api.spotify.com/v1/audio-analysis/0MDNAlh3uu0FidvvpvX0mc,159000
30UNAz40wbR8CnLMZkCLe7,https://p.scdn.co/mp3-preview/179aead1c0afc67201d6a51c4b7250b5987e60f4?cid=7596a347c632409f9829d4c3cb9fa3c7,comedy,0.432,0.392,8,-9.519,1,0.0462,0.597,0.0,0.0937,0.328,129.12,https://api.spotify.com/v1/audio-analysis/30UNAz40wbR8CnLMZkCLe7,208376
59RRHj742gdh6ihkklOCWz,https://p.scdn.co/mp3-preview/ffe991b1db0e6bd328b160eb548aefbe106c00fd?cid=7596a347c632409f9829d4c3cb9fa3c7,comedy,0.557,0.762,9,-7.103,1,0.935,0.786,0.0,0.829,0.672,138.538,https://api.spotify.com/v1/audio-analysis/59RRHj742gdh6ihkklOCWz,72014
2xkAyCQ37K1VzL24bTnHNJ,https://p.scdn.co/mp3-preview/ea02549b7bce8818d8b88f5a477bb5228761c218?cid=7596a347c632409f9829d4c3cb9fa3c7,comedy,0.478,0.932,10,-7.756,0,0.854,0.923,2.59e-06,0.956,0.646,84.843,https://api.spotify.com/v1/audio-analysis/2xkAyCQ37K1VzL24bTnHNJ,79653
6sVBfdmhr8SrqUJDynPZKQ,https://p.scdn.co/mp3-preview/979bc642fc018dc3e3f86390b4abc5782c50e05d?cid=7596a347c632409f9829d4c3cb9fa3c7,comedy,0.634,0.362,6,-12.047,0,0.0318,0.281,0.00138,0.0954,0.428,100.041,https://api.spotify.com/v1/audio-analysis/6sVBfdmhr8SrqUJDynPZKQ,153107
5eik5ZbFAP99Upyw3M5Sia,https://p.scdn.co/mp3-preview/2bec5c89e887167571a6d0d0145552abcac8f452?cid=7596a347c632409f9829d4c3cb9fa3c7,comedy,0.696,0.569,0,-10.623,0,0.909,0.886,0.0,0.778,0.868,72.991,https://api.spotify.com/v1/audio-analysis/5eik5ZbFAP99Upyw3M5Sia,82027
2VDYIeBkbvqbPS0X7a4CkA,https://p.scdn.co/mp3-preview/f1d3f1d7fc3258d7373dd61bce0e1629eb95a5a8?cid=7596a347c632409f9829d4c3cb9fa3c7,comedy,0.456,0.688,10,-8.719,0,0.906,0.769,0.0,0.66,0.235,146.373,https://api.spotify.com/v1/audio-analysis/2VDYIeBkbvqbPS0X7a4CkA,78240
0EvSy0XrbY1RHswHv5maqy,https://p.scdn.co/mp3-preview/5163b8e90c5c77890338547f70184c6cd6d85ff5?cid=7596a347c632409f9829d4c3cb9fa3c7,comedy,0.52,0.795,1,-3.452,1,0.345,0.177,0.0,0.107,0.394,67.875,https://api.spotify.com/v1/audio-analysis/0EvSy0XrbY1RHswHv5maqy,193013
1lX67wYMXcGcV0vgQTRi1z,https://p.scdn.co/mp3-preview/da0aef6da2d3a9afb410fee87e3d1b1825225c02?cid=7596a347c632409f9829d4c3cb9fa3c7,comedy,0.623,0.542,7,-6.034,0,0.149,0.737,0.0,0.302,0.378,119.809,https://api.spotify.com/v1/audio-analysis/1lX67wYMXcGcV0vgQTRi1z,242573
7FxI0W1unD8RI9dxH26zzt,https://p.scdn.co/mp3-preview/4fd2cac7196cf0ed185b7e76c1737544e24c0da5?cid=7596a347c632409f9829d4c3cb9fa3c7,comedy,0.445,0.957,7,-6.904,1,0.494,0.581,0.000266,0.962,0.838,69.566,https://api.spotify.com/v1/audio-analysis/7FxI0W1unD8RI9dxH26zzt,68800
06zALqB3nPpHBsVg0TONOu,https://p.scdn.co/mp3-preview/42b09cce4e619382b164a74cf4a266bd4a7fc2df?cid=7596a347c632409f9829d4c3cb9fa3c7,comedy,0.792,0.682,7,-7.468,1,0.224,0.106,0.0,0.19,0.598,120.079,https://api.spotify.com/v1/audio-analysis/06zALqB3nPpHBsVg0TONOu,186813
0CjjHze7nxZ1Z8VhToV7QN,https://p.scdn.co/mp3-preview/00bd6051c98d26e4be581d164733a6082798c27c?cid=7596a347c632409f9829d4c3cb9fa3c7,comedy,0.627,0.91,1,-8.022,1,0.94,0.813,0.0,0.728,0.242,102.589,https://api.spotify.com/v1/audio-analysis/0CjjHze7nxZ1Z8VhToV7QN,114133
6aII3V7AEQG2adROjiZeks,https://p.scdn.co/mp3-preview/d711c427ffaaa1546a85defb800033586705a00e?cid=7596a347c632409f9829d4c3cb9fa3c7,comedy,0.585,0.634,9,-7.952,1,0.934,0.925,0.0,0.839,0.888,65.084,https://api.spotify.com/v1/audio-analysis/6aII3V7AEQG2adROjiZeks,70853
7HGcUpHJiu3veVDnQLuYvA,https://p.scdn.co/mp3-preview/34c0268b5313c8df3c366043b118eed3d90e918c?cid=7596a347c632409f9829d4c3cb9fa3c7,comedy,0.555,0.851,8,-5.818,1,0.936,0.778,0.0,0.826,0.553,101.203,https://api.spotify.com/v1/audio-analysis/7HGcUpHJiu3veVDnQLuYvA,79602
4QDWLAI4i1uVNlwc4woLk5,https://p.scdn.co/mp3-preview/d524bc21589bd9904a4a05bae46ce90a8a7f5ec5?cid=7596a347c632409f9829d4c3cb9fa3c7,comedy,0.672,0.778,1,-13.891,1,0.939,0.85,0.0,0.67,0.165,122.182,https://api.spotify.com/v1/audio-analysis/4QDWLAI4i1uVNlwc4woLk5,87948
7wlfMSiUErIFr7w05eZ9rZ,https://p.scdn.co/mp3-preview/46c6805e741d5f9783c3229a3f1c91410da30c67?cid=7596a347c632409f9829d4c3cb9fa3c7,comedy,0.498,0.728,11,-10.981,1,0.945,0.929,0.0,0.909,0.504,88.513,https://api.spotify.com/v1/audio-analysis/7wlfMSiUErIFr7w05eZ9rZ,151560
4Oub5kQMHeMOrpzIdOlTuP,https://p.scdn.co/mp3-preview/e834cf0cad032de417d55d1e7135390c95d10518?cid=7596a347c632409f9829d4c3cb9fa3c7,comedy,0.466,0.499,7,-10.609,1,0.0774,0.863,4.6e-05,0.68,0.633,74.529,https://api.spotify.com/v1/audio-analysis/4Oub5kQMHeMOrpzIdOlTuP,88387
2oJnewcmY02HnOd1KbVwPe,https://p.scdn.co/mp3-preview/afcfd68908492c93b3733db90f38fdff236a8c23?cid=7596a347c632409f9829d4c3cb9fa3c7,comedy,0.941,0.555,0,-6.212,1,0.256,0.00831,1.4e-05,0.13,0.646,107.588,https://api.spotify.com/v1/audio-analysis/2oJnewcmY02HnOd1KbVwPe,126760
3FoF0CZh1JJLJumig6KSWe,https://p.scdn.co/mp3-preview/7f505cb9a784d2e9b779a0dce1ce1ea87a0f02ac?cid=7596a347c632409f9829d4c3cb9fa3c7,comedy,0.833,0.695,9,-7.242,1,0.253,0.0916,0.0,0.0445,0.748,160.012,https://api.spotify.com/v1/audio-analysis/3FoF0CZh1JJLJumig6KSWe,152293
65BkbrG8XPEpPAHA4jgYhW,https://p.scdn.co/mp3-preview/dd0cc96eac7ce0ae0c945e32007d67152907224d?cid=7596a347c632409f9829d4c3cb9fa3c7,comedy,0.689,0.332,2,-19.407,1,0.961,0.873,0.0,0.66,0.701,80.739,https://api.spotify.com/v1/audio-analysis/65BkbrG8XPEpPAHA4jgYhW,68520
282Nwedyh1NAFE3h3R1qkX,https://p.scdn.co/mp3-preview/ca81ab698161685a50cb1b9e0094f4519b6b631c?cid=7596a347c632409f9829d4c3cb9fa3c7,comedy,0.538,0.904,11,-11.619,1,0.948,0.792,0.0,0.897,0.223,70.057,https://api.spotify.com/v1/audio-analysis/282Nwedyh1NAFE3h3R1qkX,144744
0n9qNruN1l9z4vCzSuwIip,https://p.scdn.co/mp3-preview/8ee765e8cac18d0fae557b0d330443d1c18f7066?cid=7596a347c632409f9829d4c3cb9fa3c7,comedy,0.607,0.883,2,-6.917,0,0.909,0.741,0.0,0.819,0.375,123.652,https://api.spotify.com/v1/audio-analysis/0n9qNruN1l9z4vCzSuwIip,227417
1MlmOUe89Q5YhuMRZgragu,https://p.scdn.co/mp3-preview/457b55a4c34bfa80ff998cb178fb1f61807f5284?cid=7596a347c632409f9829d4c3cb9fa3c7,comedy,0.625,0.34,0,-10.678,1,0.0826,0.687,0.0,0.111,0.921,172.018,https://api.spotify.com/v1/audio-analysis/1MlmOUe89Q5YhuMRZgragu,116533
33ircLY9ckHpJQ25HGLbH3,https://p.scdn.co/mp3-preview/a880eace9389214bf531d72a90245c7d015c06e8?cid=7596a347c632409f9829d4c3cb9fa3c7,comedy,0.615,0.908,1,-5.903,0,0.899,0.808,0.0,0.686,0.46,84.991,https://api.spotify.com/v1/audio-analysis/33ircLY9ckHpJQ25HGLbH3,89797
3sR7ZJLhTV28FJku2Wz37K,https://p.scdn.co/mp3-preview/d5dc837c4757af4651e65ed63990c982ec713315?cid=7596a347c632409f9829d4c3cb9fa3c7,comedy,0.618,0.885,7,-4.322,1,0.11,0.0123,0.0,0.387,0.731,131.862,https://api.spotify.com/v1/audio-analysis/3sR7ZJLhTV28FJku2Wz37K,158400
1hhuut1jRTD5WPE9UawXK9,https://p.scdn.co/mp3-preview/bd5b87547dc2f5785e42539e40a276fa787302a2?cid=7596a347c632409f9829d4c3cb9fa3c7,comedy,0.573,0.809,7,-11.291,0,0.934,0.735,0.0,0.438,0.451,83.275,https://api.spotify.com/v1/audio-analysis/1hhuut1jRTD5WPE9UawXK9,61071
7H05LygiPiQQE1h88P7vIV,https://p.scdn.co/mp3-preview/3d1f774dec94c024fdb2603621b5b17e2a18d5f5?cid=7596a347c632409f9829d4c3cb9fa3c7,comedy,0.736,0.745,4,-6.166,0,0.344,0.00638,0.0,0.204,0.301,136.104,https://api.spotify.com/v1/audio-analysis/7H05LygiPiQQE1h88P7vIV,144987
5vZMAhbffKayvbJkrHmTDg,https://p.scdn.co/mp3-preview/22bbe67800ded3a1cd6c6523d77a50dc49f92a53?cid=7596a347c632409f9829d4c3cb9fa3c7,comedy,0.594,0.785,7,-6.097,1,0.831,0.878,0.0,0.908,0.656,108.866,https://api.spotify.com/v1/audio-analysis/5vZMAhbffKayvbJkrHmTDg,93373
3vc0i2Q09M8itNXiE3qoZ3,https://p.scdn.co/mp3-preview/1e1f29d27e2de8d4946eb50b65261032c55dd4d9?cid=7596a347c632409f9829d4c3cb9fa3c7,comedy,0.788,0.455,9,-8.761,1,0.0587,0.362,0.0,0.139,0.605,131.459,https://api.spotify.com/v1/audio-analysis/3vc0i2Q09M8itNXiE3qoZ3,235040
0AsXcuiQBvIdoI4YkbSONJ,https://p.scdn.co/mp3-preview/6691863db99da6d203632bb5ac5a578a9eca0e6f?cid=7596a347c632409f9829d4c3cb9fa3c7,comedy,0.586,0.387,1,-13.54,1,0.955,0.718,0.0,0.821,0.582,85.471,https://api.spotify.com/v1/audio-analysis/0AsXcuiQBvIdoI4YkbSONJ,141747
4gBi4O3OSLdJoxjkN0fLJC,https://p.scdn.co/mp3-preview/75f37ca9061ed47142dd352815057cac6fc62689?cid=7596a347c632409f9829d4c3cb9fa3c7,comedy,0.576,0.862,4,-6.668,1,0.914,0.878,0.0,0.796,0.433,115.815,https://api.spotify.com/v1/audio-analysis/4gBi4O3OSLdJoxjkN0fLJC,314400
3uewgGxACwca8iwi2ZVwVT,https://p.scdn.co/mp3-preview/3f3c8f1f45066acc29fa02f1772f8ded09aaa828?cid=7596a347c632409f9829d4c3cb9fa3c7,comedy,0.524,0.791,9,-4.903,1,0.387,0.135,0.188,0.258,0.231,139.946,https://api.spotify.com/v1/audio-analysis/3uewgGxACwca8iwi2ZVwVT,351429
4m0nXIRQh40JqF8n4KiTK7,https://p.scdn.co/mp3-preview/169a246297f2ab63dade7a0df0d49ae08f895e00?cid=7596a347c632409f9829d4c3cb9fa3c7,comedy,0.862,0.628,1,-7.615,1,0.395,0.488,0.0,0.635,0.39,124.907,https://api.spotify.com/v1/audio-analysis/4m0nXIRQh40JqF8n4KiTK7,295917
1zd6RsqjKAcomD1c0sJit9,https://p.scdn.co/mp3-preview/1a3612b32e1f2f01d68c196ffb79816c41956110?cid=7596a347c632409f9829d4c3cb9fa3c7,comedy,0.573,0.898,0,-6.904,0,0.936,0.787,3.32e-06,0.717,0.243,66.535,https://api.spotify.com/v1/audio-analysis/1zd6RsqjKAcomD1c0sJit9,77341
1MYEX1IpCBpfU76U4jOjBk,https://p.scdn.co/mp3-preview/8012ffeb77816fcd3df2a4630eb80af9366f6f62?cid=7596a347c632409f9829d4c3cb9fa3c7,comedy,0.474,0.198,4,-12.565,1,0.0353,0.885,0.0,0.0829,0.477,76.29,https://api.spotify.com/v1/audio-analysis/1MYEX1IpCBpfU76U4jOjBk,117907
5guyTPYpLBxKVHwrxTO86L,https://p.scdn.co/mp3-preview/aa111f4bf7599cde75d4c1465a2871ce772f3151?cid=7596a347c632409f9829d4c3cb9fa3c7,comedy,0.565,0.878,11,-6.687,0,0.944,0.746,0.0,0.703,0.477,111.488,https://api.spotify.com/v1/audio-analysis/5guyTPYpLBxKVHwrxTO86L,139729
6wecr3GXvi1e2Ky9eizcNt,https://p.scdn.co/mp3-preview/da44441f04996d97219dfcefa5358b375af1955b?cid=7596a347c632409f9829d4c3cb9fa3c7,comedy,0.636,0.35,10,-11.63,1,0.0435,0.514,0.0,0.122,0.516,60.384,https://api.spotify.com/v1/audio-analysis/6wecr3GXvi1e2Ky9eizcNt,161054
04cjPHmD4z1Tjtnr7mIs2B,https://p.scdn.co/mp3-preview/146a285f5672d6389b0901fc0e768fda7094902b?cid=7596a347c632409f9829d4c3cb9fa3c7,comedy,0.564,0.884,7,-8.725,0,0.922,0.82,0.0,0.714,0.14,77.954,https://api.spotify.com/v1/audio-analysis/04cjPHmD4z1Tjtnr7mIs2B,116587
1NPZMbR1IS56qDAMb8cNPg,https://p.scdn.co/mp3-preview/70859affec1c037fb33f5d60ba39d1cb9f29794d?cid=7596a347c632409f9829d4c3cb9fa3c7,comedy,0.628,0.919,1,-7.297,1,0.942,0.926,0.0,0.814,0.296,77.126,https://api.spotify.com/v1/audio-analysis/1NPZMbR1IS56qDAMb8cNPg,256285
7wcqKSrGymUXBIiGPVqC3q,https://p.scdn.co/mp3-preview/c0f0dbe9113ec3fb42468742c3ed9a754aec13d7?cid=7596a347c632409f9829d4c3cb9fa3c7,comedy,0.509,0.77,1,-9.617,1,0.95,0.901,0.0,0.895,0.345,96.388,https://api.spotify.com/v1/audio-analysis/7wcqKSrGymUXBIiGPVqC3q,131880
1dHXRhWsyJFIkWU4cX5htr,https://p.scdn.co/mp3-preview/bd09b8df19c4e61f046ee7906d2fc467b120a0c7?cid=7596a347c632409f9829d4c3cb9fa3c7,comedy,0.572,0.919,6,-5.02,1,0.915,0.881,0.0,0.956,0.178,119.816,https://api.spotify.com/v1/audio-analysis/1dHXRhWsyJFIkWU4cX5htr,119005
1dU4Is9RkkYt6ysB6s9Ikj,https://p.scdn.co/mp3-preview/de5ba8c5ed7cd72de7e5b8ad0f934eda0b0efc07?cid=7596a347c632409f9829d4c3cb9fa3c7,comedy,0.49,0.94,4,-7.164,0,0.939,0.791,0.0,0.821,0.295,100.782,https://api.spotify.com/v1/audio-analysis/1dU4Is9RkkYt6ysB6s9Ikj,111142
0wasgXy8PI6t4EfA49YnXE,https://p.scdn.co/mp3-preview/a2f58e415ca67cecaec3e82c862ce105c23de522?cid=7596a347c632409f9829d4c3cb9fa3c7,comedy,0.559,0.662,10,-5.674,0,0.328,0.305,0.0,0.448,0.631,98.989,https://api.spotify.com/v1/audio-analysis/0wasgXy8PI6t4EfA49YnXE,232807
1RYDsOwD0NMxgmLJoNpAMt,https://p.scdn.co/mp3-preview/bc3dd3ec8366e3f28316c9b7d6e0e3c1237df794?cid=7596a347c632409f9829d4c3cb9fa3c7,comedy,0.673,0.803,5,-5.297,1,0.613,0.838,0.0,0.86,0.718,74.24,https://api.spotify.com/v1/audio-analysis/1RYDsOwD0NMxgmLJoNpAMt,85560
2reFWUPWjuydhF0EdMyE2B,https://p.scdn.co/mp3-preview/40f523829faa9983bf98aa9075924a75fe323063?cid=7596a347c632409f9829d4c3cb9fa3c7,comedy,0.644,0.676,6,-11.315,1,0.946,0.92,0.0,0.6,0.526,92.434,https://api.spotify.com/v1/audio-analysis/2reFWUPWjuydhF0EdMyE2B,90333
7iAnfpIHu1cDsxovakGoCq,https://p.scdn.co/mp3-preview/5540ef95ffbc33126d4cc51b98caf583ac978d72?cid=7596a347c632409f9829d4c3cb9fa3c7,comedy,0.829,0.288,9,-13.405,1,0.559,0.333,1.18e-05,0.121,0.632,131.766,https://api.spotify.com/v1/audio-analysis/7iAnfpIHu1cDsxovakGoCq,155093
1Yd0HypJ0bzilJS9MBztZZ,https://p.scdn.co/mp3-preview/2514769178002a755691b51006d72cc3aa581c1c?cid=7596a347c632409f9829d4c3cb9fa3c7,comedy,0.74,0.492,1,-10.237,1,0.0597,0.142,0.0,0.115,0.546,82.033,https://api.spotify.com/v1/audio-analysis/1Yd0HypJ0bzilJS9MBztZZ,219960
5ZcCOtwV9THs1cILWFj6xC,https://p.scdn.co/mp3-preview/a10a5839098be8294e3c07d575dce8deefd45277?cid=7596a347c632409f9829d4c3cb9fa3c7,comedy,0.646,0.831,1,-5.779,1,0.843,0.837,0.0,0.92,0.743,35.698,https://api.spotify.com/v1/audio-analysis/5ZcCOtwV9THs1cILWFj6xC,115213
6ZdNlJkkkSu7CQBwqqb1F0,https://p.scdn.co/mp3-preview/a48cdd10daedffc6d4173bef00a5ca9ff1b29944?cid=7596a347c632409f9829d4c3cb9fa3c7,comedy,0.732,0.518,6,-7.348,1,0.0779,0.917,3.08e-05,0.314,0.964,169.912,https://api.spotify.com/v1/audio-analysis/6ZdNlJkkkSu7CQBwqqb1F0,58507
4aj2LcgzAwmRRpVelj3J0j,https://p.scdn.co/mp3-preview/a4f645067862402c0a453abd2cdce0ab459dddb4?cid=7596a347c632409f9829d4c3cb9fa3c7,comedy,0.835,0.642,11,-6.827,0,0.125,0.0619,3.01e-06,0.107,0.16,119.983,https://api.spotify.com/v1/audio-analysis/4aj2LcgzAwmRRpVelj3J0j,298156
3YMhOXYVS1DEmqJxNyOSpw,https://p.scdn.co/mp3-preview/db57cd73397718720784f3dac93b9ad982bb1db6?cid=7596a347c632409f9829d4c3cb9fa3c7,comedy,0.498,0.897,11,-11.091,1,0.947,0.669,0.0,0.972,0.225,72.378,https://api.spotify.com/v1/audio-analysis/3YMhOXYVS1DEmqJxNyOSpw,232229
1l58kOP4NhBv2kCM9AhcqO,https://p.scdn.co/mp3-preview/2143cfe5d80be0f34b6f75889fcbd9c818ce474f?cid=7596a347c632409f9829d4c3cb9fa3c7,comedy,0.609,0.933,1,-7.012,1,0.903,0.771,0.0,0.485,0.192,114.204,https://api.spotify.com/v1/audio-analysis/1l58kOP4NhBv2kCM9AhcqO,294587
25zhlCRwVcdjmkdTECQ25E,https://p.scdn.co/mp3-preview/16777e02aafb9bed230ade3d0290243782f27f9d?cid=7596a347c632409f9829d4c3cb9fa3c7,comedy,0.495,0.96,2,-5.293,1,0.89,0.722,0.0,0.922,0.527,106.159,https://api.spotify.com/v1/audio-analysis/25zhlCRwVcdjmkdTECQ25E,108013
6XmT1eehtQjAtuZL3gMBNT,https://p.scdn.co/mp3-preview/b7ad0c258ad0de15cceaa8cd3d73344107a224b5?cid=7596a347c632409f9829d4c3cb9fa3c7,comedy,0.611,0.871,7,-3.003,0,0.275,0.0284,0.0,0.157,0.66,160.032,https://api.spotify.com/v1/audio-analysis/6XmT1eehtQjAtuZL3gMBNT,184640
7rNv3xkV9tuAVME3k48KXj,https://p.scdn.co/mp3-preview/13c3e19ba227578611f0cba6296fa5b28db58f0c?cid=7596a347c632409f9829d4c3cb9fa3c7,comedy,0.443,0.946,0,-5.38,1,0.881,0.819,0.0,0.919,0.122,166.991,https://api.spotify.com/v1/audio-analysis/7rNv3xkV9tuAVME3k48KXj,148616
3yyXqsg7oTCRtrT6icyT9i,https://p.scdn.co/mp3-preview/74cefbe3f874fcdf30fdc06107ca54f66e83ea87?cid=7596a347c632409f9829d4c3cb9fa3c7,comedy,0.581,0.947,3,-5.904,1,0.882,0.786,0.0,0.935,0.37,130.257,https://api.spotify.com/v1/audio-analysis/3yyXqsg7oTCRtrT6icyT9i,126120
7HexrmoKDPmPhoV9HsGcRQ,https://p.scdn.co/mp3-preview/e94f6a64b42b721808c2355e6b7be68ac7d8bbc0?cid=7596a347c632409f9829d4c3cb9fa3c7,comedy,0.511,0.773,4,-11.064,1,0.957,0.902,0.0,0.892,0.387,166.738,https://api.spotify.com/v1/audio-analysis/7HexrmoKDPmPhoV9HsGcRQ,97520
1Zp0GYjktawsnoHLwXRNlK,https://p.scdn.co/mp3-preview/c3f6b5909189acbcab1383052fcc50f958d87310?cid=7596a347c632409f9829d4c3cb9fa3c7,comedy,0.694,0.849,5,-5.158,1,0.934,0.892,0.0,0.721,0.369,106.434,https://api.spotify.com/v1/audio-analysis/1Zp0GYjktawsnoHLwXRNlK,167688
3PVfuCu2tfkDbtlCIL5R3m,https://p.scdn.co/mp3-preview/a51ac459a0f8d3622acc0d1138e80a1b4707bc3e?cid=7596a347c632409f9829d4c3cb9fa3c7,comedy,0.544,0.792,6,-6.981,1,0.0381,0.0127,1.83e-06,0.305,0.949,144.316,https://api.spotify.com/v1/audio-analysis/3PVfuCu2tfkDbtlCIL5R3m,130427
6uFjYaoryP0ZVr3ggnR6vq,https://p.scdn.co/mp3-preview/afdf7c3a20ee35b40da08e60bfea5f6028dc4d29?cid=7596a347c632409f9829d4c3cb9fa3c7,comedy,0.971,0.282,4,-12.243,0,0.161,0.18,0.000688,0.0986,0.672,115.061,https://api.spotify.com/v1/audio-analysis/6uFjYaoryP0ZVr3ggnR6vq,260920
4eINvqyNtIFZeCVv0IqgLa,https://p.scdn.co/mp3-preview/db9a2250cc051704e32fd3b739c46b3bac53d66b?cid=7596a347c632409f9829d4c3cb9fa3c7,comedy,0.599,0.813,1,-7.012,1,0.881,0.589,0.0,0.587,0.462,129.571,https://api.spotify.com/v1/audio-analysis/4eINvqyNtIFZeCVv0IqgLa,102005
1UgtH9OVT89FfLu9X3x8zt,https://p.scdn.co/mp3-preview/4e1cab3452a5f82c2a9e27bc183ce18bf88d0538?cid=7596a347c632409f9829d4c3cb9fa3c7,comedy,0.566,0.475,11,-15.037,1,0.843,0.872,0.0,0.935,0.644,90.894,https://api.spotify.com/v1/audio-analysis/1UgtH9OVT89FfLu9X3x8zt,59868
15uwykUwftkkjev5IhPUg7,https://p.scdn.co/mp3-preview/cfd7962c6843b19cac190b4e49d687a875a2d99d?cid=7596a347c632409f9829d4c3cb9fa3c7,comedy,0.584,0.883,9,-7.028,1,0.928,0.776,0.0,0.834,0.425,120.835,https://api.spotify.com/v1/audio-analysis/15uwykUwftkkjev5IhPUg7,143931
6iXBQXYVSMSY7LsZ7lj161,https://p.scdn.co/mp3-preview/0201b71cec242a2c7447c467ae1c5e8f9364dcfb?cid=7596a347c632409f9829d4c3cb9fa3c7,comedy,0.684,0.345,1,-9.574,1,0.244,0.8,0.0,0.119,0.546,165.547,https://api.spotify.com/v1/audio-analysis/6iXBQXYVSMSY7LsZ7lj161,107467
4qW4FeWMHFFlIK9VFjL77S,https://p.scdn.co/mp3-preview/621d0c050b02c54549355cb6a09d1c36ba6b4265?cid=7596a347c632409f9829d4c3cb9fa3c7,comedy,0.853,0.497,11,-6.017,1,0.202,0.0252,0.0789,0.139,0.162,140.974,https://api.spotify.com/v1/audio-analysis/4qW4FeWMHFFlIK9VFjL77S,151171
1xnKewZX9AeAyjdHbixvZN,https://p.scdn.co/mp3-preview/1e40a7b68e378b65fd8efe4078728766ede37597?cid=7596a347c632409f9829d4c3cb9fa3c7,comedy,0.701,0.872,10,-6.648,1,0.906,0.83,0.0,0.672,0.593,70.353,https://api.spotify.com/v1/audio-analysis/1xnKewZX9AeAyjdHbixvZN,58777
4Tf8lyzXl9BxWgR7G0cTFl,https://p.scdn.co/mp3-preview/644c868152a13fc42bf5ee9982be3b9d462cbce8?cid=7596a347c632409f9829d4c3cb9fa3c7,comedy,0.633,0.632,7,-14.498,1,0.944,0.746,0.0,0.874,0.251,111.769,https://api.spotify.com/v1/audio-analysis/4Tf8lyzXl9BxWgR7G0cTFl,81696
27iWzRLCu6anB8wtc6poud,https://p.scdn.co/mp3-preview/decce73458a3e9985b8c0cba3a5e3b382de201c7?cid=7596a347c632409f9829d4c3cb9fa3c7,comedy,0.665,0.906,5,-6.451,1,0.928,0.792,0.0,0.676,0.454,80.566,https://api.spotify.com/v1/audio-analysis/27iWzRLCu6anB8wtc6poud,94873
1nGddvnKUVFP9M4vILOWw0,https://p.scdn.co/mp3-preview/70a4071751330d3e4ed26c58c3d670ae448f7a55?cid=7596a347c632409f9829d4c3cb9fa3c7,comedy,0.61,0.942,9,-4.268,1,0.869,0.836,0.0,0.769,0.456,86.399,https://api.spotify.com/v1/audio-analysis/1nGddvnKUVFP9M4vILOWw0,87772
0m5PV2y8rtKL6PhX9JvxGg,https://p.scdn.co/mp3-preview/aa8f8b63aeb7c7c4bc7d02596cff2267ad3ad4d4?cid=7596a347c632409f9829d4c3cb9fa3c7,comedy,0.643,0.653,6,-11.67,1,0.955,0.819,0.0,0.9,0.719,85.666,https://api.spotify.com/v1/audio-analysis/0m5PV2y8rtKL6PhX9JvxGg,56107
7DC0Q2QzP3kLt10kjk9v3s,https://p.scdn.co/mp3-preview/1b161abeda3b49382710e2879c19e695d1e62e60?cid=7596a347c632409f9829d4c3cb9fa3c7,comedy,0.612,0.512,10,-14.138,1,0.927,0.899,0.0,0.353,0.587,100.563,https://api.spotify.com/v1/audio-analysis/7DC0Q2QzP3kLt10kjk9v3s,89938
0zWEssLq2sel95tdmnTRmK,https://p.scdn.co/mp3-preview/5e43cb6b16c251954240049d980d20ba3f2415de?cid=7596a347c632409f9829d4c3cb9fa3c7,comedy,0.594,0.804,11,-5.919,0,0.148,0.0693,0.0,0.12,0.284,90.924,https://api.spotify.com/v1/audio-analysis/0zWEssLq2sel95tdmnTRmK,176080
2iotBqaiAGK8jzP8fIEktQ,https://p.scdn.co/mp3-preview/07942fc13ed88c36dc4f0334f6720225e516c46b?cid=7596a347c632409f9829d4c3cb9fa3c7,comedy,0.68,0.765,5,-14.391,0,0.928,0.722,0.0,0.892,0.218,116.631,https://api.spotify.com/v1/audio-analysis/2iotBqaiAGK8jzP8fIEktQ,81396
0Pd31zTsgxqvWSnF1neWhD,https://p.scdn.co/mp3-preview/2db60ad2fdb0adc12be6e5d523dbf8383faeb521?cid=7596a347c632409f9829d4c3cb9fa3c7,comedy,0.597,0.918,6,-6.519,0,0.89,0.809,0.0,0.731,0.455,95.492,https://api.spotify.com/v1/audio-analysis/0Pd31zTsgxqvWSnF1neWhD,135908
2M3K38uN5Y7NIut1k0zqfF,https://p.scdn.co/mp3-preview/1ddb6d288173a7bc429a51503f8634fae954cea6?cid=7596a347c632409f9829d4c3cb9fa3c7,comedy,0.585,0.662,9,-11.179,1,0.954,0.857,0.0,0.688,0.519,129.887,https://api.spotify.com/v1/audio-analysis/2M3K38uN5Y7NIut1k0zqfF,72373
1zTQ3tqvzIX4jLg58FWhpH,https://p.scdn.co/mp3-preview/cb4c5e4aa801d2c3a8eb1e1372aa8bf63e25d0d0?cid=7596a347c632409f9829d4c3cb9fa3c7,comedy,0.548,0.883,1,-10.72,0,0.911,0.747,0.0,0.907,0.292,115.432,https://api.spotify.com/v1/audio-analysis/1zTQ3tqvzIX4jLg58FWhpH,124907
6xHWnnodVadR2yYNGRpBol,https://p.scdn.co/mp3-preview/dfacaf9968050ddccba4aad7132b8ab0e77bbd59?cid=7596a347c632409f9829d4c3cb9fa3c7,comedy,0.551,0.935,2,-6.409,1,0.734,0.685,0.0,0.977,0.585,105.966,https://api.spotify.com/v1/audio-analysis/6xHWnnodVadR2yYNGRpBol,146987
2kzsCyn7vQLnKQkMtJdBjP,https://p.scdn.co/mp3-preview/4dab09a831a615af8468a60bf388c5a5319f9d4b?cid=7596a347c632409f9829d4c3cb9fa3c7,comedy,0.447,0.915,7,-5.033,1,0.758,0.913,0.0,0.966,0.204,85.792,https://api.spotify.com/v1/audio-analysis/2kzsCyn7vQLnKQkMtJdBjP,449080
7An9RjFCMkUTH1Wa89HgPO,https://p.scdn.co/mp3-preview/e796aaf8452821d48fe439335db81586f7e5fd3a?cid=7596a347c632409f9829d4c3cb9fa3c7,comedy,0.549,0.687,7,-9.33,0,0.188,0.138,0.0,0.0785,0.845,150.441,https://api.spotify.com/v1/audio-analysis/7An9RjFCMkUTH1Wa89HgPO,303467
3XFC538vkb6Z4Y8Cwljlpz,https://p.scdn.co/mp3-preview/ae1316a0798dcb14e06c52b169352c5ec42b0d05?cid=7596a347c632409f9829d4c3cb9fa3c7,comedy,0.613,0.964,7,-4.432,1,0.914,0.847,0.0,0.7,0.435,80.962,https://api.spotify.com/v1/audio-analysis/3XFC538vkb6Z4Y8Cwljlpz,78120
3hy3Q6eaItpp1ZPRp7Np4e,https://p.scdn.co/mp3-preview/173c6b8ab74514e7e7865f0210b6235bdb77a235?cid=7596a347c632409f9829d4c3cb9fa3c7,comedy,0.795,0.339,4,-14.625,1,0.0785,0.595,0.0,0.293,0.687,107.966,https://api.spotify.com/v1/audio-analysis/3hy3Q6eaItpp1ZPRp7Np4e,650947
2TB8hgBqZmTqsesWFDiWES,https://p.scdn.co/mp3-preview/3967afe38814dd454b9069cf15f742a106345243?cid=7596a347c632409f9829d4c3cb9fa3c7,comedy,0.589,0.719,8,-6.737,1,0.921,0.874,0.0,0.678,0.452,125.885,https://api.spotify.com/v1/audio-analysis/2TB8hgBqZmTqsesWFDiWES,110098
5vLh40xCE0Hl0LJk5Sad1A,https://p.scdn.co/mp3-preview/fa5aee48c5a4dcd4413db524f37bbe8a6a815884?cid=7596a347c632409f9829d4c3cb9fa3c7,comedy,0.69,0.639,9,-8.08,0,0.0475,0.0416,0.0,0.196,0.908,146.142,https://api.spotify.com/v1/audio-analysis/5vLh40xCE0Hl0LJk5Sad1A,182747
0NKgG3pqlu47LgKCVIeL49,https://p.scdn.co/mp3-preview/12f13b9c5b9a1ada53cbd33c32bbe2bbc819b7a8?cid=7596a347c632409f9829d4c3cb9fa3c7,comedy,0.683,0.799,11,-4.343,0,0.164,0.0555,0.0,0.0847,0.832,143.95,https://api.spotify.com/v1/audio-analysis/0NKgG3pqlu47LgKCVIeL49,144813
03KzntGQQeVcP7cVrsgnlr,https://p.scdn.co/mp3-preview/9020ed8dddf09aeafb4a7475119e37cea1093073?cid=7596a347c632409f9829d4c3cb9fa3c7,comedy,0.692,0.754,1,-6.165,1,0.101,0.0881,0.0,0.0564,0.551,99.921,https://api.spotify.com/v1/audio-analysis/03KzntGQQeVcP7cVrsgnlr,193358
7456dbUTEWNWRTQrDVAL1X,https://p.scdn.co/mp3-preview/7e1eb0d5a5621e53d11ccee138168dab6e8094be?cid=7596a347c632409f9829d4c3cb9fa3c7,comedy,0.622,0.735,7,-11.634,0,0.941,0.88,0.0,0.856,0.308,84.315,https://api.spotify.com/v1/audio-analysis/7456dbUTEWNWRTQrDVAL1X,104520
2U52BnaSmyrmGtlG0bJ5Jj,https://p.scdn.co/mp3-preview/e3ba369268b13de0bd0159f7dcf3ba50953c75bb?cid=7596a347c632409f9829d4c3cb9fa3c7,comedy,0.683,0.755,10,-9.863,0,0.238,0.574,0.0,0.769,0.778,144.042,https://api.spotify.com/v1/audio-analysis/2U52BnaSmyrmGtlG0bJ5Jj,172467
7rCktARxrjTAdSLr4ayZsu,https://p.scdn.co/mp3-preview/2ad81ad8e9b1deaa76c2a842510493483256fd3f?cid=7596a347c632409f9829d4c3cb9fa3c7,comedy,0.504,0.718,2,-11.627,0,0.949,0.907,0.0,0.856,0.52,84.046,https://api.spotify.com/v1/audio-analysis/7rCktARxrjTAdSLr4ayZsu,59573
4Z62F8dUXpvRHvxCSIFgiJ,https://p.scdn.co/mp3-preview/faf81b49ff913f84df770ed5a8045974b0e0a796?cid=7596a347c632409f9829d4c3cb9fa3c7,comedy,0.574,0.77,11,-13.868,0,0.951,0.783,0.0,0.634,0.222,130.232,https://api.spotify.com/v1/audio-analysis/4Z62F8dUXpvRHvxCSIFgiJ,73415
3jtanlXkkW5Ra3RTM83x4W,https://p.scdn.co/mp3-preview/3ceabaee32f30d2400b7ed5c11c8e1949178796d?cid=7596a347c632409f9829d4c3cb9fa3c7,comedy,0.526,0.802,6,-14.331,0,0.956,0.802,0.0,0.688,0.347,83.801,https://api.spotify.com/v1/audio-analysis/3jtanlXkkW5Ra3RTM83x4W,80540
5AYDyXRMwMqvpXGruUtfDs,https://p.scdn.co/mp3-preview/f5ed45c9f743829abc37ac0c5969ed4040bd4b4c?cid=7596a347c632409f9829d4c3cb9fa3c7,comedy,0.413,0.781,4,-11.923,1,0.946,0.929,5.61e-05,0.674,0.345,167.542,https://api.spotify.com/v1/audio-analysis/5AYDyXRMwMqvpXGruUtfDs,94013
6leusOAUcF7GjBp0SzHsml,https://p.scdn.co/mp3-preview/99755391f5fe8d5644c5575a3abcc7e264b724c0?cid=7596a347c632409f9829d4c3cb9fa3c7,comedy,0.589,0.654,3,-7.901,1,0.0329,0.193,0.0,0.0811,0.383,120.322,https://api.spotify.com/v1/audio-analysis/6leusOAUcF7GjBp0SzHsml,241720
1Ip5aWmBPoDliye13GGkC8,https://p.scdn.co/mp3-preview/b4336f84fedf69d7e3703a643da3f82e986eb9f7?cid=7596a347c632409f9829d4c3cb9fa3c7,comedy,0.602,0.82,5,-7.681,1,0.945,0.874,0.0,0.912,0.403,90.857,https://api.spotify.com/v1/audio-analysis/1Ip5aWmBPoDliye13GGkC8,210173
6F9aPYWyNBvge7AoeHcxtl,https://p.scdn.co/mp3-preview/1110912f5820774ddd86c9cacc914f4ea4c576d2?cid=7596a347c632409f9829d4c3cb9fa3c7,comedy,0.5,0.397,0,-12.698,1,0.0335,0.144,0.0,0.0947,0.446,184.105,https://api.spotify.com/v1/audio-analysis/6F9aPYWyNBvge7AoeHcxtl,293253
5YBBJABJMR3CIWb1J4MPnR,https://p.scdn.co/mp3-preview/62ada72ef81f9cc73a273fe78c5de63696475ed7?cid=7596a347c632409f9829d4c3cb9fa3c7,comedy,0.442,0.794,10,-11.288,0,0.897,0.838,0.0,0.359,0.544,83.838,https://api.spotify.com/v1/audio-analysis/5YBBJABJMR3CIWb1J4MPnR,63400
2LhU0cpuk4zvb0sHyxgpLQ,https://p.scdn.co/mp3-preview/3bcedd7969580c58a4c4cf3cb7a66fd0def803fa?cid=7596a347c632409f9829d4c3cb9fa3c7,comedy,0.567,0.778,8,-13.967,1,0.932,0.837,0.0,0.859,0.191,119.619,https://api.spotify.com/v1/audio-analysis/2LhU0cpuk4zvb0sHyxgpLQ,175086
2YK6tjyM4cthovn1idrvhb,https://p.scdn.co/mp3-preview/9b70fea5e6b809cb25bda14979939137ed675a6b?cid=7596a347c632409f9829d4c3cb9fa3c7,comedy,0.449,0.867,2,-5.613,1,0.446,0.0137,0.0,0.107,0.162,174.412,https://api.spotify.com/v1/audio-analysis/2YK6tjyM4cthovn1idrvhb,362698
51VyinLJ3DlyEhYaBrQFNH,https://p.scdn.co/mp3-preview/b309106d4404a6bf64ccf39d0885bf915f329c44?cid=7596a347c632409f9829d4c3cb9fa3c7,comedy,0.596,0.739,6,-7.594,1,0.922,0.705,0.0,0.486,0.607,99.09,https://api.spotify.com/v1/audio-analysis/51VyinLJ3DlyEhYaBrQFNH,62160
6aupuTM7tUiKhizolq342L,https://p.scdn.co/mp3-preview/609ce8b300a919eefe384997273e504baeb83163?cid=7596a347c632409f9829d4c3cb9fa3c7,comedy,0.632,0.645,7,-4.98,1,0.0442,0.399,0.0,0.108,0.886,106.449,https://api.spotify.com/v1/audio-analysis/6aupuTM7tUiKhizolq342L,102240
30R41N6AMNaJzpNQu4ggkG,https://p.scdn.co/mp3-preview/3ef5c070826a33c182aba9fd819898eae85d401d?cid=7596a347c632409f9829d4c3cb9fa3c7,comedy,0.499,0.841,4,-17.614,1,0.89,0.9,0.0,0.743,0.106,117.445,https://api.spotify.com/v1/audio-analysis/30R41N6AMNaJzpNQu4ggkG,419700
52Ux2b0Hzk2RhuiHEp2ns5,https://p.scdn.co/mp3-preview/4125904bc7c17b31eaf98b20e4cf73fdccd19a65?cid=7596a347c632409f9829d4c3cb9fa3c7,comedy,0.544,0.925,6,-6.193,1,0.86,0.918,0.0,0.88,0.252,115.942,https://api.spotify.com/v1/audio-analysis/52Ux2b0Hzk2RhuiHEp2ns5,206773
1O2g26XOMQo3deVirrq7Ft,https://p.scdn.co/mp3-preview/e2959060f7dc2f541e34b8b5095c38a1db99ed36?cid=7596a347c632409f9829d4c3cb9fa3c7,comedy,0.4,0.596,7,-12.132,1,0.327,0.864,0.00018,0.795,0.735,129.51,https://api.spotify.com/v1/audio-analysis/1O2g26XOMQo3deVirrq7Ft,89200
7qSCCGYhE1Ic1hHY0qn900,https://p.scdn.co/mp3-preview/ee7eb6194c78f8aeb873f7cf7720f3542db94ebe?cid=7596a347c632409f9829d4c3cb9fa3c7,comedy,0.658,0.634,7,-4.997,1,0.0437,0.381,0.0,0.103,0.879,106.494,https://api.spotify.com/v1/audio-analysis/7qSCCGYhE1Ic1hHY0qn900,102240
2xHmODWNnBlNiuaKWRwizG,https://p.scdn.co/mp3-preview/f34a3be18096716709544dd1556260bb5ff9feab?cid=7596a347c632409f9829d4c3cb9fa3c7,comedy,0.597,0.683,9,-8.668,1,0.894,0.882,0.0,0.932,0.855,110.417,https://api.spotify.com/v1/audio-analysis/2xHmODWNnBlNiuaKWRwizG,67680
45jBdp7k7px3CDjFhKkRRB,https://p.scdn.co/mp3-preview/fc3f664f24859c66314407b6d11220f19e100851?cid=7596a347c632409f9829d4c3cb9fa3c7,comedy,0.573,0.837,6,-11.545,0,0.922,0.691,0.0,0.779,0.379,101.286,https://api.spotify.com/v1/audio-analysis/45jBdp7k7px3CDjFhKkRRB,188804
1gNtB4nyr1RpK0zeuw5WwG,https://p.scdn.co/mp3-preview/85f9f0b338ac57e576f34043121408a238b2e25b?cid=7596a347c632409f9829d4c3cb9fa3c7,comedy,0.81,0.799,6,-6.535,1,0.26,0.381,0.0,0.312,0.936,99.896,https://api.spotify.com/v1/audio-analysis/1gNtB4nyr1RpK0zeuw5WwG,216373
0d1yepPTims2zawtr92zG9,https://p.scdn.co/mp3-preview/19df0b6464461a8f6d6b140eedd0e3bd4a746e56?cid=7596a347c632409f9829d4c3cb9fa3c7,comedy,0.474,0.499,1,-19.037,1,0.937,0.851,5.18e-06,0.971,0.154,67.499,https://api.spotify.com/v1/audio-analysis/0d1yepPTims2zawtr92zG9,75947
57cc3zEfQqv8zhk0NNjSuC,https://p.scdn.co/mp3-preview/1bc3b9799ec3a0b5240af2ac35e37da7c5c5ef4b?cid=7596a347c632409f9829d4c3cb9fa3c7,comedy,0.839,0.391,0,-8.182,0,0.402,0.336,0.00489,0.0785,0.389,89.921,https://api.spotify.com/v1/audio-analysis/57cc3zEfQqv8zhk0NNjSuC,279427
15f8kZ2nCt2YmzY5byKN4Q,https://p.scdn.co/mp3-preview/69ad9b7c6b922e0c073084aaa919a329ff289c12?cid=7596a347c632409f9829d4c3cb9fa3c7,comedy,0.667,0.664,11,-9.375,0,0.915,0.883,0.0,0.487,0.576,93.726,https://api.spotify.com/v1/audio-analysis/15f8kZ2nCt2YmzY5byKN4Q,164890
1L5oI8hs4rLUR9QNb9MQ31,https://p.scdn.co/mp3-preview/23bb080a5d72ee61d30bab3612e8fcdbd1bba431?cid=7596a347c632409f9829d4c3cb9fa3c7,comedy,0.431,0.867,4,-18.23,1,0.867,0.942,0.0,0.94,0.0439,132.323,https://api.spotify.com/v1/audio-analysis/1L5oI8hs4rLUR9QNb9MQ31,310900
4fyxgtM6FvepWbLlMKu0mV,https://p.scdn.co/mp3-preview/d3b24a82e1fef6f9cc2d0dd36f300348566a36de?cid=7596a347c632409f9829d4c3cb9fa3c7,comedy,0.711,0.589,7,-7.639,1,0.124,0.307,0.0,0.32,0.737,132.828,https://api.spotify.com/v1/audio-analysis/4fyxgtM6FvepWbLlMKu0mV,141667
1sCQBkXuGYVP2vSN7sC9Du,https://p.scdn.co/mp3-preview/c0926883219d93ddd14ffe6a4f2aea19e34af9e8?cid=7596a347c632409f9829d4c3cb9fa3c7,comedy,0.469,0.95,5,-9.839,1,0.911,0.813,0.0,0.956,0.202,97.155,https://api.spotify.com/v1/audio-analysis/1sCQBkXuGYVP2vSN7sC9Du,94323
0AYo92tFVzaOvLVuP81MKv,https://p.scdn.co/mp3-preview/9cb566159d040ce287bf7c42ddc7505940cef40a?cid=7596a347c632409f9829d4c3cb9fa3c7,comedy,0.455,0.842,7,-18.018,1,0.881,0.928,0.0,0.888,0.0972,107.158,https://api.spotify.com/v1/audio-analysis/0AYo92tFVzaOvLVuP81MKv,313254
75my3rEd8Zqbix8Z00DSL9,https://p.scdn.co/mp3-preview/32a30929093b09d551fbaf60324008ed9570dab1?cid=7596a347c632409f9829d4c3cb9fa3c7,comedy,0.564,0.863,5,-5.989,1,0.91,0.874,0.0,0.72,0.597,74.639,https://api.spotify.com/v1/audio-analysis/75my3rEd8Zqbix8Z00DSL9,182000
20QswryWO7p7rpuIpq6vAm,https://p.scdn.co/mp3-preview/de24f4caf5cb9914b7c3c74bf573d8031f1e61e0?cid=7596a347c632409f9829d4c3cb9fa3c7,comedy,0.564,0.874,11,-10.919,1,0.935,0.729,0.0,0.844,0.286,90.423,https://api.spotify.com/v1/audio-analysis/20QswryWO7p7rpuIpq6vAm,212965
49E5m0yZWoxb7Yms94Ik8B,https://p.scdn.co/mp3-preview/8a2cee7345e517499ab72d0656b2ee373e34092a?cid=7596a347c632409f9829d4c3cb9fa3c7,comedy,0.627,0.478,4,-7.141,0,0.038,0.17,6.92e-05,0.301,0.378,129.962,https://api.spotify.com/v1/audio-analysis/49E5m0yZWoxb7Yms94Ik8B,173640
6eZjwaaQU4Q0ZPOVkxVDgA,https://p.scdn.co/mp3-preview/3ff643df0c23ff95aec346013afd987d4aa58ced?cid=7596a347c632409f9829d4c3cb9fa3c7,comedy,0.618,0.931,1,-10.329,1,0.929,0.771,0.0,0.716,0.159,47.358,https://api.spotify.com/v1/audio-analysis/6eZjwaaQU4Q0ZPOVkxVDgA,138893
0UbEloQEIFFDrQwCNxUacZ,https://p.scdn.co/mp3-preview/d0f6251fb4e4434ff603db1304c3137c3450b5a9?cid=7596a347c632409f9829d4c3cb9fa3c7,comedy,0.581,0.894,5,-12.642,1,0.947,0.677,0.0,0.953,0.109,102.078,https://api.spotify.com/v1/audio-analysis/0UbEloQEIFFDrQwCNxUacZ,128794
1MDKMykZYo5KvjgGgVVo7K,https://p.scdn.co/mp3-preview/0194309185c7f13b4a894df100a3d566e2c1addf?cid=7596a347c632409f9829d4c3cb9fa3c7,comedy,0.593,0.729,1,-10.469,1,0.92,0.876,0.0,0.851,0.462,76.916,https://api.spotify.com/v1/audio-analysis/1MDKMykZYo5KvjgGgVVo7K,70907
3Mnj12HPig6sNk8cPAFTXp,https://p.scdn.co/mp3-preview/88ac57912d4ce547b2ddb07ecc36cc3b5c57d45b?cid=7596a347c632409f9829d4c3cb9fa3c7,comedy,0.534,0.367,0,-13.411,1,0.146,0.586,1.57e-06,0.586,0.57,129.638,https://api.spotify.com/v1/audio-analysis/3Mnj12HPig6sNk8cPAFTXp,174667
2c1KUgGKF3Vw3Wfptp7gkJ,https://p.scdn.co/mp3-preview/cce1e9a0de7d6d5be626e7a9742bd36225905f9e?cid=7596a347c632409f9829d4c3cb9fa3c7,comedy,0.584,0.885,6,-5.73,1,0.907,0.905,0.0,0.979,0.469,83.106,https://api.spotify.com/v1/audio-analysis/2c1KUgGKF3Vw3Wfptp7gkJ,236907
6fPOpfpBId8FCDkxVinlOK,https://p.scdn.co/mp3-preview/177132e5265fc39a1c288949b6996493c361945c?cid=7596a347c632409f9829d4c3cb9fa3c7,comedy,0.54,0.918,5,-5.461,1,0.929,0.908,0.0,0.729,0.332,85.629,https://api.spotify.com/v1/audio-analysis/6fPOpfpBId8FCDkxVinlOK,402520
6NoDjJAnL4oUqBuLj6R2Dt,https://p.scdn.co/mp3-preview/dfdadf3ad9a20438d90a72e521edd8db6b813847?cid=7596a347c632409f9829d4c3cb9fa3c7,comedy,0.484,0.688,6,-19.89,1,0.918,0.943,0.0,0.59,0.15,87.42,https://api.spotify.com/v1/audio-analysis/6NoDjJAnL4oUqBuLj6R2Dt,415800
2NBgfMo1xvE7D3o18zirjB,https://p.scdn.co/mp3-preview/d1b80d59275a60f4a0a63ff9ffb657d7fa166097?cid=7596a347c632409f9829d4c3cb9fa3c7,comedy,0.674,0.495,5,-8.593,0,0.058,0.215,0.0,0.134,0.216,102.636,https://api.spotify.com/v1/audio-analysis/2NBgfMo1xvE7D3o18zirjB,216624
6hvwonYg53DaOzzC8y2VLX,https://p.scdn.co/mp3-preview/ec8d5039dd08795ff45f61843085f166862b3bf2?cid=7596a347c632409f9829d4c3cb9fa3c7,comedy,0.623,0.86,5,-4.837,0,0.773,0.872,0.0,0.78,0.506,133.401,https://api.spotify.com/v1/audio-analysis/6hvwonYg53DaOzzC8y2VLX,91005
